order_id,customer_id,product_sku,quantity,unit_price,order_date,channel
WEB0000,C192,SKU-MILK-037,4,6.16,2026-04-10,mobile
WEB0001,C263,SKU-APPLE-034,3,7.97,2026-04-06,mobile
WEB0002,C282,SKU-JUICE-003,9,8.2,2026-05-04,web
WEB0003,C152,SKU-JUICE-018,2,6.81,2026-04-17,web
WEB0004,C283,SKU-APPLE-003,2,8.98,2026-04-25,web
WEB0005,C161,SKU-APPLE-042,8,3.57,2026-04-12,mobile
WEB0006,C123,SKU-APPLE-040,8,2.04,2026-04-17,mobile
WEB0007,C183,SKU-JUICE-015,8,7.43,2026-04-20,web
WEB0008,C190,SKU-JUICE-048,7,4.11,2026-04-19,mobile
WEB0009,C114,SKU-BREAD-017,4,1.34,2026-04-08,mobile
WEB0010,C200,SKU-APPLE-046,15,3.66,2026-05-01,web
WEB0011,C106,SKU-MILK-004,11,5.32,2026-04-18,mobile
WEB0012,C114,SKU-JUICE-007,2,7.84,2026-04-07,web
WEB0013,C249,SKU-BREAD-030,6,5.8,2026-05-04,web
WEB0014,C261,SKU-APPLE-043,4,7.66,2026-04-08,mobile
WEB0015,C178,SKU-JUICE-043,8,7.93,2026-04-26,web
WEB0016,C268,SKU-JUICE-033,9,5.22,2026-04-11,web
WEB0017,C196,SKU-MILK-007,11,3.33,2026-04-27,mobile
WEB0018,C184,SKU-APPLE-009,7,6.93,2026-04-25,mobile
WEB0019,C154,SKU-BREAD-021,11,7.37,2026-04-15,mobile
WEB0020,C201,SKU-APPLE-018,5,6.21,2026-04-09,web
WEB0021,C144,SKU-APPLE-039,9,6.89,2026-04-06,web
WEB0022,C120,SKU-MILK-042,12,4.27,2026-04-29,mobile
WEB0023,C262,SKU-BREAD-015,12,8.23,2026-04-25,mobile
WEB0024,C230,SKU-BREAD-002,11,3.39,2026-04-13,mobile
WEB0025,C260,SKU-JUICE-023,1,4.28,2026-04-19,web
WEB0026,C271,SKU-APPLE-029,13,6.71,2026-04-29,mobile
WEB0027,C170,SKU-BREAD-036,7,8.02,2026-04-30,mobile
WEB0028,C225,SKU-JUICE-020,4,7.18,2026-04-18,web
WEB0029,C118,SKU-BREAD-035,7,3.53,2026-04-26,web
WEB0030,C287,SKU-APPLE-021,10,8.53,2026-04-19,mobile
WEB0031,C243,SKU-BREAD-025,9,5.3,2026-04-24,web
WEB0032,C133,SKU-JUICE-005,15,6.9,2026-04-23,web
WEB0033,C212,SKU-BREAD-031,4,4.67,2026-04-27,web
WEB0034,C292,SKU-APPLE-010,4,1.78,2026-04-12,web
WEB0035,C266,SKU-MILK-037,15,5.39,2026-04-27,web
WEB0036,C242,SKU-BREAD-049,15,8.77,2026-04-18,web
WEB0037,C281,SKU-JUICE-003,14,6.68,2026-04-06,mobile
WEB0038,C141,SKU-JUICE-033,14,5.97,2026-04-21,web
WEB0039,C285,SKU-MILK-032,10,9.01,2026-04-20,mobile
WEB0040,C112,SKU-APPLE-031,4,4.89,2026-04-13,web
WEB0041,C241,SKU-JUICE-022,11,4.47,2026-04-14,mobile
WEB0042,C204,SKU-MILK-040,3,1.64,2026-04-25,mobile
WEB0043,C238,SKU-APPLE-005,1,1.38,2026-04-14,web
WEB0044,C214,SKU-MILK-013,7,9.03,2026-04-18,mobile
WEB0045,C220,SKU-BREAD-034,4,5.65,2026-04-25,mobile
WEB0046,C259,SKU-BREAD-034,12,1.74,2026-04-23,mobile
WEB0047,C202,SKU-APPLE-031,1,5.52,2026-05-03,web
WEB0048,C289,SKU-JUICE-018,15,8.05,2026-04-26,web
WEB0049,C180,SKU-MILK-021,8,3.98,2026-04-20,mobile
WEB0050,C248,SKU-APPLE-042,9,5.34,2026-04-11,web
WEB0051,C122,SKU-BREAD-029,3,6.89,2026-04-20,web
WEB0052,C167,SKU-BREAD-020,5,1.79,2026-04-27,web
WEB0053,C179,SKU-APPLE-017,8,2.58,2026-04-13,mobile
WEB0054,C282,SKU-BREAD-038,13,3.07,2026-04-10,mobile
WEB0055,C159,SKU-BREAD-033,7,9.2,2026-04-29,mobile
WEB0056,C198,SKU-JUICE-032,8,4.76,2026-04-21,mobile
WEB0057,C123,SKU-APPLE-049,4,4.45,2026-04-20,mobile
WEB0058,C254,SKU-MILK-009,11,4.84,2026-04-28,mobile
WEB0059,C253,SKU-JUICE-049,13,6.42,2026-04-13,mobile
WEB0060,C229,SKU-MILK-043,8,1.4,2026-04-10,web
WEB0061,C279,SKU-APPLE-005,14,5.86,2026-04-30,web
WEB0062,C244,SKU-JUICE-028,3,7.06,2026-04-30,mobile
WEB0063,C237,SKU-MILK-034,4,1.54,2026-04-18,web
WEB0064,C104,SKU-APPLE-009,10,9.79,2026-04-30,mobile
WEB0065,C175,SKU-JUICE-032,3,1.81,2026-04-30,mobile
WEB0066,C251,SKU-APPLE-032,9,8.59,2026-04-11,mobile
WEB0067,C281,SKU-BREAD-018,12,2.87,2026-05-01,mobile
WEB0068,C285,SKU-MILK-004,10,6.44,2026-04-08,web
WEB0069,C121,SKU-APPLE-034,7,7.99,2026-04-07,mobile
WEB0070,C272,SKU-BREAD-008,6,8.7,2026-04-20,web
WEB0071,C241,SKU-APPLE-023,7,7.88,2026-05-05,web
WEB0072,C115,SKU-JUICE-011,4,7.84,2026-04-23,mobile
WEB0073,C237,SKU-MILK-020,8,8.7,2026-04-28,web
WEB0074,C298,SKU-MILK-040,5,8.93,2026-04-12,mobile
WEB0075,C125,SKU-BREAD-043,11,2.37,2026-04-10,mobile
WEB0076,C112,SKU-APPLE-007,3,2.25,2026-04-12,web
WEB0077,C117,SKU-APPLE-043,6,8.94,2026-04-19,web
WEB0078,C104,SKU-APPLE-018,15,7.83,2026-05-01,web
WEB0079,C119,SKU-MILK-026,3,7.67,2026-04-11,web
WEB0080,C138,SKU-BREAD-035,13,6.57,2026-04-16,mobile
WEB0081,C234,SKU-JUICE-049,5,3.95,2026-04-19,mobile
WEB0082,C169,SKU-MILK-017,12,1.12,2026-05-04,web
WEB0083,C217,SKU-JUICE-024,4,6.61,2026-05-04,mobile
WEB0084,C161,SKU-APPLE-002,11,9.05,2026-05-04,mobile
WEB0085,C254,SKU-JUICE-045,9,1.83,2026-04-29,web
WEB0086,C129,SKU-MILK-037,4,9.38,2026-04-22,mobile
WEB0087,C196,SKU-APPLE-008,10,3.29,2026-05-05,mobile
WEB0088,C124,SKU-JUICE-030,6,5.67,2026-04-23,mobile
WEB0089,C173,SKU-APPLE-036,8,5.73,2026-04-08,web
WEB0090,C149,SKU-APPLE-005,12,8.73,2026-04-23,web
WEB0091,C177,SKU-MILK-008,7,3.99,2026-04-15,mobile
WEB0092,C220,SKU-JUICE-031,12,3.51,2026-04-08,web
WEB0093,C201,SKU-BREAD-027,15,1.63,2026-04-29,web
WEB0094,C172,SKU-BREAD-031,2,3.03,2026-04-23,web
WEB0095,C297,SKU-JUICE-047,9,9.25,2026-04-16,mobile
WEB0096,C176,SKU-JUICE-006,9,1.6,2026-04-21,mobile
WEB0097,C107,SKU-MILK-037,14,5.74,2026-04-22,mobile
WEB0098,C171,SKU-APPLE-007,12,6.86,2026-04-27,web
WEB0099,C179,SKU-MILK-041,6,2.74,2026-04-14,web
WEB0100,C264,SKU-JUICE-042,14,7.25,2026-04-19,web
WEB0101,C179,SKU-MILK-017,15,8.04,2026-04-19,web
WEB0102,C156,SKU-JUICE-028,5,3.54,2026-04-15,mobile
WEB0103,C189,SKU-BREAD-049,15,1.51,2026-04-16,mobile
WEB0104,C100,SKU-MILK-035,9,9.93,2026-04-20,mobile
WEB0105,C275,SKU-MILK-025,12,4.35,2026-04-14,mobile
WEB0106,C292,SKU-APPLE-016,2,1.17,2026-04-29,mobile
WEB0107,C202,SKU-APPLE-023,14,9.69,2026-04-17,web
WEB0108,C251,SKU-MILK-022,7,7.67,2026-04-16,web
WEB0109,C202,SKU-BREAD-043,9,8.24,2026-04-12,web
WEB0110,C102,SKU-APPLE-020,8,2.53,2026-04-28,mobile
WEB0111,C148,SKU-BREAD-049,14,1.73,2026-04-07,mobile
WEB0112,C185,SKU-APPLE-005,6,7.44,2026-04-06,mobile
WEB0113,C196,SKU-JUICE-014,11,3.68,2026-04-25,web
WEB0114,C185,SKU-JUICE-024,9,6.87,2026-04-15,web
WEB0115,C259,SKU-BREAD-002,4,3.97,2026-04-08,web
WEB0116,C135,SKU-APPLE-036,2,3.32,2026-04-16,mobile
WEB0117,C180,SKU-APPLE-017,11,5.22,2026-04-30,web
WEB0118,C133,SKU-JUICE-001,1,2.86,2026-04-15,mobile
WEB0119,C288,SKU-JUICE-045,13,1.52,2026-04-25,web
WEB0120,C226,SKU-BREAD-026,12,2.02,2026-04-13,mobile
WEB0121,C239,SKU-APPLE-028,11,4.71,2026-05-05,web
WEB0122,C134,SKU-APPLE-037,5,4.86,2026-04-12,web
WEB0123,C286,SKU-APPLE-038,12,5.4,2026-04-27,web
WEB0124,C100,SKU-JUICE-007,9,1.97,2026-04-21,web
WEB0125,C116,SKU-APPLE-032,6,1.73,2026-05-03,mobile
WEB0126,C150,SKU-APPLE-003,7,6.51,2026-04-06,web
WEB0127,C291,SKU-JUICE-041,15,6.48,2026-04-20,mobile
WEB0128,C193,SKU-APPLE-040,10,1.47,2026-04-26,mobile
WEB0129,C226,SKU-APPLE-038,14,2.61,2026-04-12,mobile
WEB0130,C166,SKU-BREAD-006,3,8.42,2026-04-12,mobile
WEB0131,C100,SKU-APPLE-013,13,4.09,2026-04-08,mobile
WEB0132,C243,SKU-APPLE-020,5,9.46,2026-04-06,web
WEB0133,C165,SKU-JUICE-014,7,3.35,2026-04-21,mobile
WEB0134,C292,SKU-MILK-032,13,7.33,2026-04-14,web
WEB0135,C161,SKU-BREAD-018,15,8.19,2026-04-27,mobile
WEB0136,C237,SKU-BREAD-018,10,6.49,2026-04-18,web
WEB0137,C257,SKU-JUICE-019,15,1.7,2026-04-22,mobile
WEB0138,C247,SKU-MILK-031,1,7.38,2026-04-14,web
WEB0139,C125,SKU-MILK-017,5,5.5,2026-04-17,web
WEB0140,C289,SKU-JUICE-032,5,8.34,2026-04-17,web
WEB0141,C208,SKU-APPLE-026,15,4.4,2026-04-20,web
WEB0142,C112,SKU-APPLE-048,5,9.48,2026-04-25,web
WEB0143,C180,SKU-BREAD-029,11,3.46,2026-05-01,mobile
WEB0144,C171,SKU-BREAD-021,10,6.48,2026-04-21,web
WEB0145,C173,SKU-JUICE-025,6,6.93,2026-04-13,mobile
WEB0146,C217,SKU-APPLE-042,8,3.31,2026-04-15,mobile
WEB0147,C207,SKU-MILK-005,5,2.87,2026-04-22,web
WEB0148,C143,SKU-APPLE-026,14,2.35,2026-04-29,mobile
WEB0149,C196,SKU-APPLE-024,14,3.58,2026-04-07,mobile
WEB0150,C251,SKU-MILK-006,6,3.89,2026-04-08,mobile
WEB0151,C106,SKU-JUICE-004,13,5.0,2026-04-24,web
WEB0152,C133,SKU-JUICE-015,11,4.77,2026-04-10,web
WEB0153,C171,SKU-JUICE-026,3,5.37,2026-04-28,mobile
WEB0154,C165,SKU-JUICE-031,10,7.61,2026-04-22,mobile
WEB0155,C300,SKU-JUICE-018,14,1.52,2026-04-29,web
WEB0156,C297,SKU-BREAD-033,9,6.86,2026-04-06,mobile
WEB0157,C265,SKU-MILK-049,13,4.45,2026-04-09,mobile
WEB0158,C189,SKU-BREAD-012,6,1.53,2026-04-07,web
WEB0159,C166,SKU-APPLE-019,6,2.94,2026-04-16,web
WEB0160,C184,SKU-JUICE-009,13,7.2,2026-04-10,mobile
WEB0161,C252,SKU-APPLE-042,12,5.77,2026-04-14,web
WEB0162,C180,SKU-APPLE-046,5,6.09,2026-04-30,mobile
WEB0163,C285,SKU-JUICE-050,4,5.09,2026-04-13,web
WEB0164,C255,SKU-MILK-023,10,3.2,2026-05-04,mobile
WEB0165,C298,SKU-APPLE-049,13,4.93,2026-05-02,mobile
WEB0166,C157,SKU-MILK-039,9,1.56,2026-04-24,mobile
WEB0167,C203,SKU-JUICE-009,12,4.27,2026-04-14,web
WEB0168,C278,SKU-MILK-040,11,7.61,2026-05-04,web
WEB0169,C138,SKU-JUICE-037,13,2.61,2026-05-03,web
WEB0170,C192,SKU-APPLE-042,10,5.73,2026-04-07,web
WEB0171,C268,SKU-MILK-014,6,2.31,2026-05-04,mobile
WEB0172,C197,SKU-APPLE-013,3,2.19,2026-04-21,web
WEB0173,C285,SKU-MILK-009,12,8.7,2026-04-10,mobile
WEB0174,C202,SKU-MILK-007,1,1.91,2026-04-13,web
WEB0175,C263,SKU-BREAD-014,4,5.39,2026-04-07,mobile
WEB0176,C244,SKU-MILK-049,9,9.24,2026-04-24,web
WEB0177,C238,SKU-MILK-034,10,4.73,2026-04-17,web
WEB0178,C267,SKU-JUICE-014,4,3.19,2026-05-04,mobile
WEB0179,C138,SKU-MILK-025,12,4.77,2026-04-09,web
WEB0180,C111,SKU-JUICE-026,6,7.44,2026-04-13,web
WEB0181,C227,SKU-BREAD-040,2,3.64,2026-04-30,web
WEB0182,C120,SKU-APPLE-004,10,3.65,2026-04-12,web
WEB0183,C251,SKU-JUICE-039,15,1.42,2026-04-17,mobile
WEB0184,C121,SKU-JUICE-014,4,3.34,2026-04-07,web
WEB0185,C300,SKU-APPLE-015,15,6.43,2026-04-23,web
WEB0186,C111,SKU-JUICE-029,14,7.02,2026-05-04,mobile
WEB0187,C119,SKU-BREAD-022,7,1.14,2026-04-21,web
WEB0188,C251,SKU-MILK-045,5,6.76,2026-04-27,mobile
WEB0189,C278,SKU-BREAD-010,9,2.83,2026-04-08,web
WEB0190,C295,SKU-APPLE-039,8,2.21,2026-04-15,web
WEB0191,C241,SKU-BREAD-019,4,9.27,2026-04-23,web
WEB0192,C250,SKU-BREAD-033,4,9.68,2026-04-18,mobile
WEB0193,C189,SKU-MILK-006,2,9.19,2026-04-09,web
WEB0194,C243,SKU-APPLE-034,1,1.83,2026-05-03,web
WEB0195,C241,SKU-MILK-036,15,2.95,2026-05-04,mobile
WEB0196,C126,SKU-MILK-002,4,1.75,2026-04-17,mobile
WEB0197,C163,SKU-APPLE-041,6,3.46,2026-05-01,web
WEB0198,C278,SKU-BREAD-019,7,5.96,2026-05-02,web
WEB0199,C184,SKU-BREAD-035,13,8.77,2026-04-20,mobile
WEB0200,C231,SKU-BREAD-013,1,8.96,2026-04-27,web
WEB0201,C240,SKU-JUICE-019,14,6.56,2026-04-23,mobile
WEB0202,C146,SKU-BREAD-001,11,5.75,2026-04-19,web
WEB0203,C169,SKU-JUICE-022,1,1.51,2026-04-28,mobile
WEB0204,C238,SKU-APPLE-008,5,8.85,2026-04-24,mobile
WEB0205,C288,SKU-JUICE-034,14,5.76,2026-04-27,mobile
WEB0206,C165,SKU-BREAD-043,6,7.44,2026-04-08,mobile
WEB0207,C277,SKU-APPLE-031,5,4.67,2026-04-13,mobile
WEB0208,C138,SKU-JUICE-004,3,6.6,2026-04-30,web
WEB0209,C261,SKU-BREAD-035,4,3.08,2026-04-13,mobile
WEB0210,C131,SKU-APPLE-034,15,2.72,2026-04-15,mobile
WEB0211,C135,SKU-APPLE-018,11,8.95,2026-04-29,web
WEB0212,C218,SKU-JUICE-015,4,4.48,2026-04-19,mobile
WEB0213,C285,SKU-BREAD-048,13,1.62,2026-04-25,web
WEB0214,C166,SKU-APPLE-042,11,4.06,2026-05-02,web
WEB0215,C183,SKU-BREAD-002,3,2.93,2026-04-12,mobile
WEB0216,C144,SKU-JUICE-028,3,7.56,2026-04-27,mobile
WEB0217,C226,SKU-JUICE-043,15,4.68,2026-04-18,web
WEB0218,C165,SKU-JUICE-043,2,8.53,2026-05-03,web
WEB0219,C211,SKU-JUICE-016,3,9.3,2026-04-11,mobile
WEB0220,C203,SKU-BREAD-001,9,7.7,2026-05-05,mobile
WEB0221,C292,SKU-JUICE-037,3,4.69,2026-04-12,mobile
WEB0222,C210,SKU-MILK-032,12,1.61,2026-04-07,web
WEB0223,C127,SKU-JUICE-010,9,1.05,2026-04-14,web
WEB0224,C245,SKU-MILK-013,15,1.18,2026-05-04,mobile
WEB0225,C156,SKU-BREAD-039,1,5.05,2026-04-25,web
WEB0226,C119,SKU-APPLE-027,12,1.81,2026-04-14,mobile
WEB0227,C185,SKU-APPLE-004,11,1.74,2026-04-06,web
WEB0228,C271,SKU-BREAD-049,9,3.64,2026-04-07,mobile
WEB0229,C225,SKU-BREAD-008,11,3.11,2026-04-18,mobile
WEB0230,C186,SKU-APPLE-018,2,6.53,2026-04-09,web
WEB0231,C253,SKU-MILK-021,12,5.98,2026-04-12,web
WEB0232,C101,SKU-MILK-042,7,4.31,2026-04-28,mobile
WEB0233,C168,SKU-APPLE-021,1,4.17,2026-04-17,web
WEB0234,C147,SKU-APPLE-044,1,1.59,2026-04-26,web
WEB0235,C143,SKU-JUICE-020,4,5.49,2026-04-15,mobile
WEB0236,C273,SKU-MILK-045,3,6.42,2026-04-25,web
WEB0237,C103,SKU-MILK-036,15,4.47,2026-05-01,mobile
WEB0238,C272,SKU-JUICE-003,14,7.08,2026-04-09,web
WEB0239,C104,SKU-APPLE-005,9,6.09,2026-04-15,mobile
WEB0240,C173,SKU-MILK-012,1,3.78,2026-05-03,web
WEB0241,C206,SKU-BREAD-015,6,1.06,2026-04-21,mobile
WEB0242,C276,SKU-APPLE-001,5,2.3,2026-04-20,web
WEB0243,C178,SKU-BREAD-031,5,8.94,2026-04-10,mobile
WEB0244,C132,SKU-APPLE-002,7,4.57,2026-04-10,mobile
WEB0245,C258,SKU-MILK-012,11,1.02,2026-04-08,web
WEB0246,C285,SKU-BREAD-001,14,7.55,2026-04-29,mobile
WEB0247,C201,SKU-APPLE-021,11,5.58,2026-04-30,mobile
WEB0248,C220,SKU-BREAD-006,14,7.25,2026-04-06,web
WEB0249,C168,SKU-APPLE-037,8,1.31,2026-04-11,web
WEB0250,C176,SKU-APPLE-016,1,8.12,2026-04-06,mobile
WEB0251,C118,SKU-JUICE-047,4,8.97,2026-04-15,mobile
WEB0252,C150,SKU-BREAD-016,9,9.67,2026-05-03,web
WEB0253,C218,SKU-JUICE-021,4,9.32,2026-04-30,web
WEB0254,C290,SKU-APPLE-024,11,8.25,2026-04-27,web
WEB0255,C157,SKU-BREAD-029,13,1.7,2026-04-25,web
WEB0256,C168,SKU-BREAD-040,10,1.27,2026-04-10,mobile
WEB0257,C110,SKU-BREAD-026,3,2.74,2026-04-09,mobile
WEB0258,C275,SKU-MILK-035,3,1.99,2026-04-27,mobile
WEB0259,C203,SKU-BREAD-030,2,3.91,2026-04-22,web
WEB0260,C299,SKU-MILK-032,2,2.69,2026-04-18,web
WEB0261,C127,SKU-JUICE-035,6,3.94,2026-04-13,web
WEB0262,C281,SKU-MILK-006,2,1.36,2026-04-18,web
WEB0263,C192,SKU-JUICE-003,10,6.14,2026-05-04,web
WEB0264,C297,SKU-MILK-004,3,2.04,2026-04-20,mobile
WEB0265,C169,SKU-JUICE-041,5,8.85,2026-04-13,web
WEB0266,C257,SKU-JUICE-018,8,9.52,2026-05-05,web
WEB0267,C120,SKU-BREAD-021,11,5.48,2026-04-12,mobile
WEB0268,C123,SKU-BREAD-022,11,6.69,2026-04-11,mobile
WEB0269,C146,SKU-JUICE-039,4,4.59,2026-04-21,web
WEB0270,C147,SKU-BREAD-032,11,7.23,2026-05-05,web
WEB0271,C171,SKU-APPLE-046,6,5.62,2026-04-18,web
WEB0272,C241,SKU-MILK-046,5,4.02,2026-04-22,mobile
WEB0273,C101,SKU-BREAD-002,13,9.01,2026-05-02,mobile
WEB0274,C142,SKU-MILK-032,2,8.77,2026-04-09,web
WEB0275,C229,SKU-MILK-026,10,6.07,2026-04-10,web
WEB0276,C164,SKU-MILK-040,6,5.52,2026-04-23,web
WEB0277,C146,SKU-BREAD-050,1,4.2,2026-04-27,web
WEB0278,C216,SKU-APPLE-043,3,5.53,2026-04-15,web
WEB0279,C162,SKU-APPLE-006,15,7.53,2026-04-10,web
WEB0280,C144,SKU-MILK-027,8,5.01,2026-04-09,web
WEB0281,C115,SKU-MILK-030,10,5.94,2026-04-24,mobile
WEB0282,C298,SKU-MILK-026,13,9.84,2026-04-18,web
WEB0283,C221,SKU-APPLE-032,7,1.44,2026-04-24,web
WEB0284,C139,SKU-BREAD-023,10,7.7,2026-04-11,mobile
WEB0285,C125,SKU-MILK-027,3,7.92,2026-04-23,mobile
WEB0286,C284,SKU-MILK-010,10,5.9,2026-04-25,web
WEB0287,C261,SKU-BREAD-015,2,6.21,2026-04-09,mobile
WEB0288,C103,SKU-JUICE-042,15,3.31,2026-04-15,web
WEB0289,C242,SKU-BREAD-016,8,2.28,2026-04-24,web
WEB0290,C210,SKU-MILK-018,5,7.73,2026-04-23,mobile
WEB0291,C286,SKU-JUICE-044,3,3.48,2026-04-14,mobile
WEB0292,C231,SKU-APPLE-026,6,5.38,2026-04-20,mobile
WEB0293,C121,SKU-JUICE-047,2,7.83,2026-04-26,web
WEB0294,C245,SKU-APPLE-011,4,3.41,2026-04-20,web
WEB0295,C128,SKU-MILK-017,15,1.29,2026-04-15,web
WEB0296,C290,SKU-JUICE-018,9,4.44,2026-04-17,mobile
WEB0297,C244,SKU-JUICE-034,9,7.83,2026-04-15,web
WEB0298,C299,SKU-MILK-004,1,2.82,2026-05-04,mobile
WEB0299,C198,SKU-JUICE-011,11,3.61,2026-04-06,mobile
WEB0300,C284,SKU-APPLE-016,11,2.66,2026-05-04,mobile
WEB0301,C275,SKU-BREAD-050,9,3.12,2026-04-12,web
WEB0302,C100,SKU-BREAD-043,13,4.06,2026-04-19,web
WEB0303,C151,SKU-MILK-012,8,5.14,2026-04-28,web
WEB0304,C258,SKU-JUICE-026,14,5.71,2026-05-05,mobile
WEB0305,C260,SKU-JUICE-008,6,2.05,2026-04-08,web
WEB0306,C267,SKU-BREAD-046,6,7.14,2026-04-16,mobile
WEB0307,C279,SKU-JUICE-044,12,2.84,2026-04-15,mobile
WEB0308,C186,SKU-BREAD-017,5,7.97,2026-04-27,mobile
WEB0309,C182,SKU-APPLE-001,3,3.48,2026-05-03,web
WEB0310,C146,SKU-BREAD-046,11,4.42,2026-04-29,web
WEB0311,C289,SKU-BREAD-012,12,3.22,2026-04-08,web
WEB0312,C139,SKU-APPLE-028,3,2.47,2026-04-09,mobile
WEB0313,C162,SKU-JUICE-039,12,3.16,2026-04-27,mobile
WEB0314,C193,SKU-BREAD-019,4,8.11,2026-04-29,web
WEB0315,C196,SKU-MILK-006,8,6.98,2026-04-21,mobile
WEB0316,C230,SKU-APPLE-003,14,1.44,2026-04-13,web
WEB0317,C204,SKU-BREAD-015,4,8.12,2026-04-11,web
WEB0318,C245,SKU-APPLE-007,8,4.11,2026-05-04,mobile
WEB0319,C178,SKU-JUICE-002,13,4.53,2026-05-04,web
WEB0320,C236,SKU-BREAD-023,5,8.76,2026-04-16,web
WEB0321,C140,SKU-JUICE-050,12,6.01,2026-05-02,web
WEB0322,C110,SKU-BREAD-048,9,2.55,2026-05-03,web
WEB0323,C222,SKU-JUICE-031,4,2.45,2026-04-09,mobile
WEB0324,C227,SKU-JUICE-049,9,6.08,2026-04-09,mobile
WEB0325,C263,SKU-APPLE-014,4,8.1,2026-04-26,web
WEB0326,C138,SKU-APPLE-006,2,5.23,2026-04-13,mobile
WEB0327,C182,SKU-JUICE-015,15,7.76,2026-04-25,web
WEB0328,C238,SKU-MILK-025,11,7.51,2026-04-11,web
WEB0329,C207,SKU-MILK-027,8,2.45,2026-04-11,web
WEB0330,C275,SKU-JUICE-012,1,9.93,2026-04-22,mobile
WEB0331,C140,SKU-APPLE-020,9,8.16,2026-05-03,mobile
WEB0332,C288,SKU-BREAD-040,10,9.44,2026-04-19,web
WEB0333,C114,SKU-JUICE-011,14,7.78,2026-05-01,web
WEB0334,C115,SKU-APPLE-023,4,3.78,2026-04-19,web
WEB0335,C277,SKU-BREAD-027,13,1.94,2026-04-11,mobile
WEB0336,C243,SKU-MILK-010,8,8.53,2026-04-24,web
WEB0337,C180,SKU-MILK-050,13,9.86,2026-04-10,mobile
WEB0338,C158,SKU-MILK-046,5,6.32,2026-04-08,mobile
WEB0339,C131,SKU-BREAD-046,4,3.64,2026-05-02,mobile
WEB0340,C141,SKU-BREAD-034,2,7.44,2026-04-15,mobile
WEB0341,C191,SKU-JUICE-008,13,6.01,2026-04-09,mobile
WEB0342,C188,SKU-JUICE-030,10,4.53,2026-04-23,mobile
WEB0343,C297,SKU-BREAD-006,14,1.93,2026-04-20,mobile
WEB0344,C144,SKU-BREAD-002,9,8.27,2026-05-04,web
WEB0345,C252,SKU-JUICE-036,1,4.44,2026-04-09,mobile
WEB0346,C252,SKU-BREAD-043,9,9.65,2026-04-16,web
WEB0347,C293,SKU-MILK-035,15,2.0,2026-04-14,mobile
WEB0348,C177,SKU-BREAD-034,1,6.67,2026-04-14,mobile
WEB0349,C110,SKU-MILK-032,7,8.49,2026-04-06,web
WEB0350,C197,SKU-MILK-006,8,7.18,2026-04-25,mobile
WEB0351,C193,SKU-JUICE-003,13,6.02,2026-04-24,mobile
WEB0352,C268,SKU-MILK-010,5,4.71,2026-04-30,mobile
WEB0353,C242,SKU-APPLE-046,5,7.98,2026-04-23,web
WEB0354,C295,SKU-JUICE-047,2,8.16,2026-04-14,mobile
WEB0355,C165,SKU-MILK-043,2,3.23,2026-04-30,web
WEB0356,C296,SKU-APPLE-019,3,7.2,2026-04-24,web
WEB0357,C291,SKU-JUICE-030,14,5.65,2026-04-18,web
WEB0358,C272,SKU-APPLE-018,1,1.77,2026-04-26,mobile
WEB0359,C131,SKU-MILK-022,14,7.99,2026-04-08,mobile
WEB0360,C283,SKU-BREAD-032,3,7.59,2026-04-14,mobile
WEB0361,C258,SKU-BREAD-027,8,4.65,2026-04-18,web
WEB0362,C101,SKU-BREAD-038,11,5.6,2026-04-23,web
WEB0363,C227,SKU-APPLE-028,13,8.25,2026-04-10,mobile
WEB0364,C290,SKU-MILK-042,7,9.5,2026-04-24,mobile
WEB0365,C145,SKU-BREAD-005,2,9.39,2026-04-19,web
WEB0366,C285,SKU-MILK-011,6,5.47,2026-04-27,mobile
WEB0367,C222,SKU-JUICE-016,14,6.29,2026-04-22,mobile
WEB0368,C241,SKU-APPLE-016,10,2.69,2026-04-10,mobile
WEB0369,C110,SKU-JUICE-019,10,3.56,2026-04-09,mobile
WEB0370,C259,SKU-JUICE-040,1,2.11,2026-05-05,web
WEB0371,C225,SKU-BREAD-017,13,5.23,2026-04-06,web
WEB0372,C125,SKU-MILK-001,10,9.47,2026-04-16,mobile
WEB0373,C126,SKU-BREAD-040,9,8.92,2026-05-03,web
WEB0374,C214,SKU-BREAD-011,8,3.95,2026-04-09,web
WEB0375,C204,SKU-APPLE-044,7,7.14,2026-04-22,mobile
WEB0376,C181,SKU-BREAD-050,2,5.33,2026-04-18,mobile
WEB0377,C210,SKU-APPLE-007,8,8.42,2026-04-14,web
WEB0378,C189,SKU-MILK-049,15,5.63,2026-04-26,mobile
WEB0379,C126,SKU-MILK-005,13,5.68,2026-04-18,web
WEB0380,C172,SKU-JUICE-043,5,7.15,2026-05-03,web
WEB0381,C191,SKU-JUICE-047,14,6.85,2026-04-09,mobile
WEB0382,C276,SKU-APPLE-011,14,6.25,2026-04-06,mobile
WEB0383,C174,SKU-JUICE-022,1,1.43,2026-04-22,web
WEB0384,C299,SKU-APPLE-022,4,1.57,2026-05-03,mobile
WEB0385,C284,SKU-APPLE-049,2,1.8,2026-04-30,web
WEB0386,C103,SKU-APPLE-034,4,3.9,2026-05-02,mobile
WEB0387,C274,SKU-MILK-049,6,7.11,2026-04-21,web
WEB0388,C191,SKU-MILK-034,5,3.55,2026-04-18,web
WEB0389,C246,SKU-APPLE-002,10,4.25,2026-04-19,mobile
WEB0390,C100,SKU-BREAD-026,15,5.7,2026-04-16,web
WEB0391,C261,SKU-MILK-029,2,2.42,2026-05-01,mobile
WEB0392,C257,SKU-MILK-044,11,3.15,2026-04-29,mobile
WEB0393,C185,SKU-APPLE-034,1,9.75,2026-04-14,web
WEB0394,C293,SKU-BREAD-042,2,8.05,2026-04-06,mobile
WEB0395,C202,SKU-BREAD-001,8,4.12,2026-05-03,web
WEB0396,C255,SKU-BREAD-013,8,1.89,2026-05-05,web
WEB0397,C164,SKU-BREAD-043,8,9.45,2026-04-08,mobile
WEB0398,C254,SKU-MILK-015,6,4.09,2026-04-13,web
WEB0399,C244,SKU-BREAD-026,15,5.32,2026-04-19,web
WEB0400,C176,SKU-BREAD-032,14,5.58,2026-05-03,mobile
WEB0401,C287,SKU-JUICE-047,3,8.75,2026-04-25,web
WEB0402,C277,SKU-BREAD-003,1,9.23,2026-04-25,mobile
WEB0403,C185,SKU-BREAD-037,6,8.63,2026-04-12,web
WEB0404,C117,SKU-JUICE-014,2,3.91,2026-04-16,web
WEB0405,C296,SKU-BREAD-022,10,7.31,2026-04-13,mobile
WEB0406,C107,SKU-APPLE-003,9,8.67,2026-04-20,mobile
WEB0407,C184,SKU-BREAD-037,13,1.15,2026-04-12,web
WEB0408,C121,SKU-MILK-011,1,6.69,2026-04-24,web
WEB0409,C127,SKU-BREAD-009,14,1.27,2026-04-22,mobile
WEB0410,C248,SKU-JUICE-008,6,7.01,2026-04-07,mobile
WEB0411,C202,SKU-MILK-048,10,3.91,2026-04-16,web
WEB0412,C140,SKU-JUICE-037,6,5.18,2026-04-08,web
WEB0413,C242,SKU-JUICE-022,10,7.72,2026-04-13,mobile
WEB0414,C152,SKU-MILK-033,8,9.13,2026-04-08,web
WEB0415,C202,SKU-APPLE-016,12,5.81,2026-05-04,mobile
WEB0416,C292,SKU-JUICE-010,11,4.83,2026-04-07,mobile
WEB0417,C189,SKU-APPLE-027,5,7.54,2026-04-25,mobile
WEB0418,C224,SKU-MILK-017,7,3.61,2026-04-08,mobile
WEB0419,C230,SKU-MILK-018,7,6.09,2026-04-13,web
WEB0420,C219,SKU-APPLE-011,4,4.23,2026-04-25,mobile
WEB0421,C183,SKU-JUICE-050,1,3.26,2026-04-18,mobile
WEB0422,C273,SKU-APPLE-007,7,1.91,2026-04-08,mobile
WEB0423,C169,SKU-BREAD-021,14,4.62,2026-04-27,mobile
WEB0424,C228,SKU-APPLE-048,7,8.52,2026-04-16,web
WEB0425,C244,SKU-BREAD-013,5,5.92,2026-05-04,web
WEB0426,C159,SKU-APPLE-045,1,9.73,2026-04-17,web
WEB0427,C261,SKU-APPLE-050,2,4.87,2026-04-29,mobile
WEB0428,C173,SKU-BREAD-007,5,8.99,2026-05-02,web
WEB0429,C150,SKU-JUICE-004,11,2.35,2026-04-08,web
WEB0430,C266,SKU-JUICE-035,14,2.29,2026-04-15,web
WEB0431,C122,SKU-BREAD-032,11,6.7,2026-04-22,mobile
WEB0432,C111,SKU-APPLE-034,15,8.35,2026-04-20,mobile
WEB0433,C202,SKU-MILK-042,6,6.0,2026-04-14,mobile
WEB0434,C276,SKU-APPLE-011,7,2.42,2026-05-04,web
WEB0435,C223,SKU-APPLE-016,6,2.33,2026-04-09,mobile
WEB0436,C205,SKU-MILK-026,6,5.24,2026-04-29,mobile
WEB0437,C285,SKU-BREAD-018,12,3.84,2026-04-16,mobile
WEB0438,C205,SKU-JUICE-036,9,1.95,2026-04-26,mobile
WEB0439,C234,SKU-BREAD-045,4,7.49,2026-04-28,web
WEB0440,C110,SKU-BREAD-042,3,4.35,2026-05-04,web
WEB0441,C182,SKU-APPLE-028,13,2.93,2026-05-03,web
WEB0442,C178,SKU-JUICE-045,3,6.25,2026-04-09,web
WEB0443,C234,SKU-BREAD-047,5,1.42,2026-04-08,web
WEB0444,C300,SKU-MILK-026,8,4.57,2026-04-15,mobile
WEB0445,C190,SKU-APPLE-018,13,8.76,2026-05-01,web
WEB0446,C201,SKU-MILK-048,7,3.73,2026-04-24,web
WEB0447,C108,SKU-APPLE-044,14,1.52,2026-04-08,mobile
WEB0448,C120,SKU-APPLE-019,10,3.49,2026-04-30,mobile
WEB0449,C195,SKU-MILK-013,4,5.77,2026-04-06,mobile
WEB0450,C200,SKU-BREAD-017,8,8.41,2026-04-26,mobile
WEB0451,C252,SKU-MILK-010,13,7.59,2026-04-28,mobile
WEB0452,C225,SKU-BREAD-029,4,1.03,2026-05-02,mobile
WEB0453,C291,SKU-JUICE-025,12,7.44,2026-04-24,mobile
WEB0454,C252,SKU-JUICE-003,3,7.2,2026-04-08,mobile
WEB0455,C287,SKU-APPLE-026,6,3.13,2026-05-04,web
WEB0456,C299,SKU-BREAD-022,4,2.78,2026-04-25,web
WEB0457,C160,SKU-JUICE-032,2,7.89,2026-04-30,web
WEB0458,C211,SKU-APPLE-042,12,3.83,2026-04-23,mobile
WEB0459,C214,SKU-MILK-040,9,2.78,2026-04-30,web
WEB0460,C121,SKU-MILK-050,2,4.57,2026-04-26,mobile
WEB0461,C109,SKU-JUICE-047,9,5.8,2026-04-18,web
WEB0462,C214,SKU-JUICE-037,2,2.86,2026-04-11,mobile
WEB0463,C267,SKU-JUICE-010,15,1.59,2026-04-12,mobile
WEB0464,C143,SKU-MILK-008,2,1.19,2026-04-26,web
WEB0465,C187,SKU-APPLE-008,6,4.57,2026-05-03,web
WEB0466,C231,SKU-BREAD-025,10,6.37,2026-04-11,mobile
WEB0467,C283,SKU-APPLE-006,2,2.73,2026-05-03,web
WEB0468,C204,SKU-MILK-041,1,5.21,2026-05-04,mobile
WEB0469,C268,SKU-MILK-048,7,5.17,2026-04-22,mobile
WEB0470,C225,SKU-APPLE-046,13,1.38,2026-04-27,mobile
WEB0471,C104,SKU-APPLE-044,9,1.87,2026-05-01,mobile
WEB0472,C215,SKU-APPLE-001,4,6.72,2026-05-05,web
WEB0473,C148,SKU-BREAD-003,9,3.2,2026-04-16,web
WEB0474,C133,SKU-JUICE-032,1,9.2,2026-04-14,mobile
WEB0475,C133,SKU-APPLE-027,13,7.67,2026-04-12,mobile
WEB0476,C241,SKU-BREAD-038,2,1.44,2026-04-30,web
WEB0477,C185,SKU-MILK-029,7,2.04,2026-04-16,mobile
WEB0478,C280,SKU-JUICE-032,1,8.2,2026-04-30,web
WEB0479,C206,SKU-MILK-007,5,4.99,2026-04-21,web
WEB0480,C148,SKU-JUICE-032,8,2.51,2026-04-16,web
WEB0481,C234,SKU-JUICE-032,1,9.38,2026-04-30,web
WEB0482,C235,SKU-JUICE-008,10,2.27,2026-04-07,mobile
WEB0483,C264,SKU-BREAD-027,13,8.07,2026-04-16,mobile
WEB0484,C264,SKU-BREAD-024,12,3.59,2026-04-21,web
WEB0485,C292,SKU-BREAD-033,5,7.77,2026-04-16,web
WEB0486,C227,SKU-APPLE-048,13,8.66,2026-04-26,web
WEB0487,C258,SKU-APPLE-018,14,7.7,2026-04-12,mobile
WEB0488,C277,SKU-APPLE-046,5,6.16,2026-04-12,web
WEB0489,C149,SKU-BREAD-045,3,4.57,2026-04-24,mobile
WEB0490,C286,SKU-JUICE-025,7,9.22,2026-04-21,web
WEB0491,C194,SKU-BREAD-021,13,8.85,2026-04-30,mobile
WEB0492,C193,SKU-BREAD-042,14,1.32,2026-04-12,web
WEB0493,C220,SKU-BREAD-012,12,7.34,2026-04-09,mobile
WEB0494,C255,SKU-JUICE-010,1,4.65,2026-04-10,web
WEB0495,C180,SKU-JUICE-006,8,6.7,2026-04-20,web
WEB0496,C280,SKU-APPLE-042,2,8.13,2026-05-04,mobile
WEB0497,C134,SKU-BREAD-034,4,8.48,2026-04-25,mobile
WEB0498,C184,SKU-APPLE-003,1,3.19,2026-04-09,web
WEB0499,C134,SKU-JUICE-025,10,3.53,2026-04-19,web
WEB0500,C257,SKU-MILK-002,7,4.21,2026-04-19,web
WEB0501,C276,SKU-APPLE-041,9,6.36,2026-04-16,mobile
WEB0502,C182,SKU-JUICE-026,1,1.75,2026-04-30,web
WEB0503,C219,SKU-APPLE-021,11,6.15,2026-04-08,mobile
WEB0504,C248,SKU-MILK-040,1,8.31,2026-04-09,mobile
WEB0505,C160,SKU-APPLE-026,12,1.71,2026-04-24,web
WEB0506,C140,SKU-APPLE-037,8,4.37,2026-04-10,mobile
WEB0507,C207,SKU-BREAD-003,3,2.24,2026-04-16,web
WEB0508,C240,SKU-APPLE-006,5,1.27,2026-04-15,web
WEB0509,C130,SKU-MILK-013,11,8.25,2026-04-30,mobile
WEB0510,C116,SKU-BREAD-048,2,8.99,2026-05-01,web
WEB0511,C213,SKU-MILK-005,12,5.48,2026-05-04,web
WEB0512,C171,SKU-APPLE-047,4,6.48,2026-04-28,web
WEB0513,C291,SKU-BREAD-046,8,3.42,2026-04-26,mobile
WEB0514,C259,SKU-BREAD-014,12,5.71,2026-04-15,web
WEB0515,C172,SKU-BREAD-020,8,5.28,2026-04-13,mobile
WEB0516,C152,SKU-BREAD-029,2,3.58,2026-04-12,web
WEB0517,C267,SKU-BREAD-010,8,9.6,2026-04-09,web
WEB0518,C198,SKU-BREAD-050,11,2.57,2026-05-02,mobile
WEB0519,C230,SKU-BREAD-010,14,4.52,2026-05-02,mobile
WEB0520,C257,SKU-MILK-038,3,6.94,2026-04-11,web
WEB0521,C261,SKU-MILK-011,10,7.57,2026-04-28,mobile
WEB0522,C195,SKU-MILK-029,3,2.57,2026-04-18,mobile
WEB0523,C177,SKU-APPLE-006,14,6.14,2026-04-10,web
WEB0524,C243,SKU-BREAD-015,9,8.59,2026-05-05,web
WEB0525,C261,SKU-BREAD-003,4,3.62,2026-05-02,mobile
WEB0526,C269,SKU-JUICE-021,4,4.68,2026-04-21,web
WEB0527,C116,SKU-JUICE-046,1,1.35,2026-04-30,mobile
WEB0528,C234,SKU-MILK-004,15,9.53,2026-05-01,web
WEB0529,C149,SKU-BREAD-014,5,4.56,2026-04-16,web
WEB0530,C274,SKU-APPLE-017,5,6.64,2026-04-21,mobile
WEB0531,C118,SKU-JUICE-042,15,7.94,2026-05-01,web
WEB0532,C202,SKU-APPLE-001,8,7.11,2026-05-05,web
WEB0533,C230,SKU-APPLE-029,6,2.04,2026-04-27,mobile
WEB0534,C219,SKU-APPLE-019,3,7.36,2026-04-26,web
WEB0535,C120,SKU-JUICE-015,2,3.2,2026-04-28,mobile
WEB0536,C201,SKU-BREAD-048,9,8.25,2026-04-15,web
WEB0537,C222,SKU-BREAD-004,10,3.46,2026-05-02,web
WEB0538,C109,SKU-APPLE-010,1,1.6,2026-04-08,web
WEB0539,C123,SKU-APPLE-018,4,7.1,2026-04-09,mobile
WEB0540,C281,SKU-BREAD-045,3,9.74,2026-04-18,mobile
WEB0541,C207,SKU-JUICE-029,6,4.49,2026-05-03,mobile
WEB0542,C287,SKU-APPLE-025,9,1.85,2026-04-09,web
WEB0543,C151,SKU-JUICE-036,10,8.35,2026-05-04,mobile
WEB0544,C110,SKU-MILK-017,2,3.9,2026-04-19,web
WEB0545,C263,SKU-APPLE-012,1,2.93,2026-05-02,mobile
WEB0546,C108,SKU-JUICE-050,8,8.8,2026-04-13,mobile
WEB0547,C118,SKU-MILK-002,12,9.34,2026-04-26,mobile
WEB0548,C224,SKU-JUICE-017,10,7.06,2026-04-21,web
WEB0549,C224,SKU-BREAD-019,7,9.36,2026-04-25,web
WEB0550,C154,SKU-JUICE-008,12,3.89,2026-05-01,mobile
WEB0551,C238,SKU-MILK-033,12,8.87,2026-04-09,mobile
WEB0552,C281,SKU-MILK-047,11,7.21,2026-04-07,mobile
WEB0553,C224,SKU-BREAD-012,6,9.09,2026-04-07,mobile
WEB0554,C141,SKU-MILK-019,13,5.72,2026-04-15,mobile
WEB0555,C210,SKU-MILK-010,7,3.03,2026-04-20,mobile
WEB0556,C103,SKU-JUICE-010,9,7.62,2026-04-09,web
WEB0557,C202,SKU-BREAD-027,11,7.42,2026-05-02,mobile
WEB0558,C263,SKU-APPLE-033,9,9.31,2026-04-30,mobile
WEB0559,C105,SKU-APPLE-014,1,3.94,2026-04-19,web
WEB0560,C110,SKU-JUICE-047,3,1.13,2026-04-10,mobile
WEB0561,C151,SKU-MILK-040,14,1.9,2026-04-10,mobile
WEB0562,C133,SKU-BREAD-035,4,2.95,2026-04-09,web
WEB0563,C252,SKU-JUICE-017,12,9.6,2026-04-30,mobile
WEB0564,C279,SKU-MILK-007,6,7.22,2026-04-23,web
WEB0565,C196,SKU-MILK-050,6,6.16,2026-04-19,mobile
WEB0566,C129,SKU-BREAD-026,3,2.24,2026-04-22,mobile
WEB0567,C175,SKU-JUICE-005,7,6.7,2026-04-15,web
WEB0568,C144,SKU-MILK-016,11,9.08,2026-05-05,mobile
WEB0569,C272,SKU-JUICE-045,6,1.01,2026-04-10,mobile
WEB0570,C248,SKU-MILK-012,4,6.41,2026-04-28,web
WEB0571,C257,SKU-APPLE-037,14,7.04,2026-04-12,mobile
WEB0572,C299,SKU-BREAD-006,3,7.61,2026-04-11,web
WEB0573,C177,SKU-JUICE-030,11,8.41,2026-04-10,web
WEB0574,C169,SKU-MILK-036,5,3.74,2026-04-21,mobile
WEB0575,C115,SKU-JUICE-042,15,4.47,2026-04-26,web
WEB0576,C151,SKU-JUICE-037,11,2.89,2026-04-15,web
WEB0577,C206,SKU-MILK-021,4,9.77,2026-04-23,web
WEB0578,C193,SKU-JUICE-027,11,3.92,2026-04-26,mobile
WEB0579,C272,SKU-JUICE-002,4,7.76,2026-04-18,mobile
WEB0580,C199,SKU-BREAD-050,3,3.9,2026-04-17,web
WEB0581,C208,SKU-JUICE-048,11,5.25,2026-04-20,web
WEB0582,C174,SKU-JUICE-047,11,7.36,2026-04-12,web
WEB0583,C219,SKU-MILK-034,14,7.02,2026-04-24,mobile
WEB0584,C264,SKU-APPLE-006,6,2.77,2026-04-30,mobile
WEB0585,C143,SKU-APPLE-005,11,2.39,2026-04-17,web
WEB0586,C248,SKU-MILK-013,14,3.7,2026-04-13,mobile
WEB0587,C206,SKU-BREAD-041,7,1.81,2026-04-21,web
WEB0588,C139,SKU-JUICE-050,11,5.95,2026-05-02,mobile
WEB0589,C136,SKU-BREAD-007,9,5.31,2026-04-17,mobile
WEB0590,C140,SKU-JUICE-050,13,7.59,2026-04-13,web
WEB0591,C248,SKU-JUICE-050,3,5.4,2026-04-19,mobile
WEB0592,C298,SKU-JUICE-019,4,3.35,2026-05-03,web
WEB0593,C157,SKU-BREAD-043,3,6.24,2026-04-29,mobile
WEB0594,C287,SKU-MILK-040,15,4.85,2026-04-09,web
WEB0595,C237,SKU-JUICE-021,15,4.82,2026-04-30,mobile
WEB0596,C250,SKU-JUICE-016,13,9.55,2026-04-29,web
WEB0597,C134,SKU-JUICE-044,5,4.21,2026-04-29,web
WEB0598,C208,SKU-MILK-031,8,4.06,2026-04-25,mobile
WEB0599,C262,SKU-APPLE-049,10,2.9,2026-04-17,mobile
WEB0600,C144,SKU-JUICE-003,8,6.82,2026-04-06,mobile
WEB0601,C182,SKU-APPLE-023,6,2.3,2026-04-07,web
WEB0602,C172,SKU-JUICE-043,11,5.27,2026-05-05,web
WEB0603,C222,SKU-BREAD-004,8,7.47,2026-04-30,mobile
WEB0604,C188,SKU-MILK-027,8,4.83,2026-05-01,web
WEB0605,C238,SKU-JUICE-015,2,7.15,2026-04-27,mobile
WEB0606,C295,SKU-MILK-011,3,8.57,2026-04-26,web
WEB0607,C282,SKU-JUICE-023,4,2.37,2026-04-26,mobile
WEB0608,C294,SKU-BREAD-028,1,7.61,2026-04-09,web
WEB0609,C272,SKU-MILK-038,15,6.81,2026-04-20,web
WEB0610,C149,SKU-MILK-001,12,7.59,2026-04-30,mobile
WEB0611,C274,SKU-BREAD-008,3,1.31,2026-04-26,web
WEB0612,C193,SKU-MILK-022,7,3.6,2026-04-26,mobile
WEB0613,C255,SKU-APPLE-009,5,1.72,2026-05-04,web
WEB0614,C239,SKU-MILK-026,2,5.6,2026-04-22,mobile
WEB0615,C256,SKU-BREAD-007,14,3.2,2026-04-16,mobile
WEB0616,C130,SKU-BREAD-034,1,2.89,2026-04-15,mobile
WEB0617,C140,SKU-MILK-037,11,5.82,2026-04-16,web
WEB0618,C127,SKU-APPLE-033,9,2.18,2026-05-03,web
WEB0619,C220,SKU-MILK-037,14,8.38,2026-04-08,mobile
WEB0620,C261,SKU-APPLE-025,6,1.17,2026-04-17,web
WEB0621,C242,SKU-JUICE-009,13,1.76,2026-05-02,mobile
WEB0622,C204,SKU-JUICE-040,5,2.8,2026-04-08,mobile
WEB0623,C158,SKU-BREAD-022,10,2.32,2026-04-12,mobile
WEB0624,C288,SKU-BREAD-013,1,1.04,2026-04-15,mobile
WEB0625,C120,SKU-MILK-048,14,8.45,2026-04-09,mobile
WEB0626,C112,SKU-MILK-029,7,4.91,2026-04-26,web
WEB0627,C139,SKU-BREAD-005,2,4.82,2026-04-17,web
WEB0628,C143,SKU-APPLE-008,15,3.97,2026-05-03,web
WEB0629,C145,SKU-JUICE-047,14,3.09,2026-04-08,mobile
WEB0630,C138,SKU-BREAD-010,11,7.07,2026-04-27,mobile
WEB0631,C272,SKU-MILK-027,11,8.76,2026-05-04,mobile
WEB0632,C230,SKU-JUICE-018,14,5.33,2026-05-02,web
WEB0633,C139,SKU-APPLE-010,6,2.89,2026-04-24,mobile
WEB0634,C143,SKU-JUICE-017,6,9.38,2026-05-03,mobile
WEB0635,C231,SKU-BREAD-010,15,7.49,2026-04-24,mobile
WEB0636,C289,SKU-BREAD-043,3,9.25,2026-05-05,mobile
WEB0637,C149,SKU-JUICE-025,2,7.38,2026-04-16,web
WEB0638,C207,SKU-APPLE-049,5,8.83,2026-04-14,mobile
WEB0639,C255,SKU-MILK-025,7,1.59,2026-04-12,mobile
WEB0640,C199,SKU-JUICE-046,6,7.7,2026-04-28,mobile
WEB0641,C244,SKU-BREAD-018,9,6.28,2026-04-07,mobile
WEB0642,C227,SKU-MILK-039,15,9.26,2026-05-05,mobile
WEB0643,C148,SKU-MILK-018,5,5.4,2026-04-06,mobile
WEB0644,C138,SKU-BREAD-038,4,5.64,2026-05-05,web
WEB0645,C193,SKU-BREAD-028,5,5.1,2026-04-06,mobile
WEB0646,C281,SKU-BREAD-042,2,4.11,2026-04-14,web
WEB0647,C199,SKU-BREAD-001,3,6.59,2026-04-17,mobile
WEB0648,C100,SKU-MILK-050,13,9.73,2026-05-01,mobile
WEB0649,C194,SKU-JUICE-038,3,3.46,2026-04-18,mobile
WEB0650,C120,SKU-BREAD-041,9,9.34,2026-04-24,web
WEB0651,C107,SKU-MILK-031,8,5.84,2026-04-22,web
WEB0652,C160,SKU-BREAD-031,5,6.48,2026-04-29,web
WEB0653,C194,SKU-MILK-016,8,2.55,2026-04-20,web
WEB0654,C180,SKU-BREAD-038,14,8.58,2026-04-28,mobile
WEB0655,C217,SKU-JUICE-003,14,3.5,2026-04-24,mobile
WEB0656,C101,SKU-JUICE-009,7,3.34,2026-04-30,web
WEB0657,C244,SKU-JUICE-001,2,6.56,2026-04-28,web
WEB0658,C168,SKU-APPLE-044,3,3.28,2026-04-11,mobile
WEB0659,C254,SKU-APPLE-041,15,1.99,2026-04-29,mobile
WEB0660,C183,SKU-JUICE-008,15,6.05,2026-04-18,mobile
WEB0661,C238,SKU-BREAD-045,13,8.45,2026-04-13,web
WEB0662,C241,SKU-APPLE-013,6,4.34,2026-04-06,mobile
WEB0663,C132,SKU-BREAD-001,14,3.59,2026-04-26,web
WEB0664,C248,SKU-MILK-009,11,5.69,2026-04-06,web
WEB0665,C231,SKU-APPLE-007,15,1.77,2026-04-09,mobile
WEB0666,C117,SKU-MILK-025,5,8.29,2026-04-07,web
WEB0667,C212,SKU-APPLE-016,9,2.31,2026-04-12,web
WEB0668,C157,SKU-APPLE-048,10,9.3,2026-04-16,mobile
WEB0669,C134,SKU-BREAD-035,3,4.72,2026-04-16,web
WEB0670,C115,SKU-MILK-025,11,8.77,2026-04-15,mobile
WEB0671,C186,SKU-MILK-046,4,5.5,2026-04-15,web
WEB0672,C188,SKU-APPLE-038,13,9.48,2026-05-01,mobile
WEB0673,C199,SKU-BREAD-045,4,2.03,2026-05-03,mobile
WEB0674,C277,SKU-MILK-029,10,1.06,2026-04-08,web
WEB0675,C265,SKU-APPLE-008,13,1.66,2026-04-26,mobile
WEB0676,C164,SKU-BREAD-019,1,3.84,2026-04-08,mobile
WEB0677,C259,SKU-BREAD-046,11,4.73,2026-04-09,mobile
WEB0678,C100,SKU-BREAD-014,14,3.09,2026-04-30,web
WEB0679,C230,SKU-MILK-033,11,4.4,2026-04-15,web
WEB0680,C288,SKU-APPLE-019,4,8.29,2026-04-10,mobile
WEB0681,C101,SKU-APPLE-039,9,3.96,2026-04-08,mobile
WEB0682,C257,SKU-BREAD-005,13,4.11,2026-04-16,mobile
WEB0683,C100,SKU-MILK-017,1,8.51,2026-04-06,mobile
WEB0684,C238,SKU-APPLE-044,2,4.28,2026-04-12,mobile
WEB0685,C286,SKU-BREAD-040,5,8.35,2026-04-29,mobile
WEB0686,C158,SKU-BREAD-039,15,4.62,2026-04-18,web
WEB0687,C152,SKU-JUICE-014,15,5.18,2026-04-12,web
WEB0688,C125,SKU-APPLE-007,14,4.28,2026-04-09,mobile
WEB0689,C121,SKU-JUICE-006,5,3.65,2026-04-08,web
WEB0690,C268,SKU-JUICE-003,6,2.0,2026-05-02,web
WEB0691,C262,SKU-JUICE-047,8,1.47,2026-04-19,mobile
WEB0692,C170,SKU-JUICE-036,14,2.13,2026-04-07,mobile
WEB0693,C227,SKU-BREAD-009,2,3.78,2026-04-27,web
WEB0694,C266,SKU-APPLE-044,13,9.28,2026-04-15,web
WEB0695,C145,SKU-MILK-032,15,9.27,2026-04-30,mobile
WEB0696,C225,SKU-APPLE-014,1,5.27,2026-04-27,mobile
WEB0697,C210,SKU-JUICE-025,13,3.61,2026-04-26,web
WEB0698,C263,SKU-JUICE-016,5,5.77,2026-04-07,mobile
WEB0699,C237,SKU-APPLE-036,5,7.32,2026-04-10,web
WEB0700,C124,SKU-JUICE-044,4,1.66,2026-04-13,mobile
WEB0701,C239,SKU-APPLE-041,3,7.93,2026-04-16,mobile
WEB0702,C298,SKU-APPLE-037,13,1.13,2026-05-02,web
WEB0703,C293,SKU-MILK-018,2,5.63,2026-04-20,web
WEB0704,C244,SKU-MILK-001,1,4.12,2026-04-19,mobile
WEB0705,C227,SKU-BREAD-025,7,6.38,2026-05-04,web
WEB0706,C190,SKU-BREAD-034,9,6.67,2026-04-25,mobile
WEB0707,C182,SKU-JUICE-044,14,6.27,2026-05-03,mobile
WEB0708,C160,SKU-JUICE-004,4,1.49,2026-04-16,mobile
WEB0709,C229,SKU-BREAD-017,11,3.15,2026-04-19,web
WEB0710,C272,SKU-APPLE-045,15,7.93,2026-04-13,mobile
WEB0711,C134,SKU-JUICE-033,7,5.62,2026-04-27,mobile
WEB0712,C161,SKU-APPLE-034,3,6.62,2026-04-18,mobile
WEB0713,C219,SKU-MILK-019,2,2.46,2026-04-28,web
WEB0714,C157,SKU-BREAD-018,12,2.34,2026-04-17,mobile
WEB0715,C105,SKU-MILK-015,5,9.19,2026-04-23,web
WEB0716,C203,SKU-APPLE-022,14,9.45,2026-04-18,mobile
WEB0717,C299,SKU-BREAD-049,7,2.25,2026-04-22,mobile
WEB0718,C218,SKU-BREAD-033,10,5.69,2026-04-27,web
WEB0719,C151,SKU-JUICE-032,10,4.79,2026-04-06,mobile
WEB0720,C129,SKU-BREAD-041,7,7.68,2026-04-22,mobile
WEB0721,C186,SKU-BREAD-026,10,8.29,2026-05-01,mobile
WEB0722,C167,SKU-MILK-002,3,1.13,2026-05-05,mobile
WEB0723,C173,SKU-JUICE-005,14,9.22,2026-04-10,web
WEB0724,C129,SKU-APPLE-030,3,1.99,2026-04-20,mobile
WEB0725,C237,SKU-APPLE-008,2,2.68,2026-04-30,mobile
WEB0726,C213,SKU-BREAD-011,5,4.43,2026-04-28,mobile
WEB0727,C150,SKU-BREAD-050,2,3.05,2026-04-26,mobile
WEB0728,C101,SKU-APPLE-038,2,4.96,2026-04-26,web
WEB0729,C105,SKU-MILK-021,5,4.75,2026-05-04,mobile
WEB0730,C160,SKU-APPLE-046,11,2.58,2026-04-11,mobile
WEB0731,C274,SKU-JUICE-040,3,2.77,2026-04-12,mobile
WEB0732,C297,SKU-MILK-010,11,8.95,2026-04-20,mobile
WEB0733,C250,SKU-JUICE-004,7,2.14,2026-04-20,mobile
WEB0734,C190,SKU-JUICE-045,4,3.61,2026-04-14,mobile
WEB0735,C196,SKU-APPLE-041,15,8.98,2026-05-01,mobile
WEB0736,C202,SKU-APPLE-005,8,4.18,2026-04-24,web
WEB0737,C162,SKU-APPLE-003,10,9.64,2026-04-22,web
WEB0738,C137,SKU-APPLE-040,15,9.3,2026-04-12,mobile
WEB0739,C137,SKU-APPLE-007,2,8.68,2026-04-25,mobile
WEB0740,C266,SKU-BREAD-029,8,1.71,2026-04-14,mobile
WEB0741,C174,SKU-JUICE-022,10,2.15,2026-04-12,mobile
WEB0742,C111,SKU-MILK-046,5,1.03,2026-04-30,mobile
WEB0743,C254,SKU-APPLE-047,5,8.78,2026-04-08,web
WEB0744,C212,SKU-JUICE-003,3,1.01,2026-04-30,web
WEB0745,C293,SKU-MILK-029,10,9.21,2026-04-21,web
WEB0746,C165,SKU-JUICE-037,6,3.66,2026-05-01,web
WEB0747,C149,SKU-MILK-004,5,9.91,2026-04-27,mobile
WEB0748,C193,SKU-JUICE-012,12,9.2,2026-05-02,web
WEB0749,C260,SKU-APPLE-027,8,7.1,2026-04-21,mobile
WEB0750,C203,SKU-BREAD-005,4,5.45,2026-05-04,web
WEB0751,C117,SKU-JUICE-041,3,1.07,2026-04-18,web
WEB0752,C200,SKU-BREAD-015,14,2.4,2026-05-04,web
WEB0753,C278,SKU-MILK-037,2,3.56,2026-04-26,mobile
WEB0754,C269,SKU-JUICE-004,13,4.09,2026-04-30,web
WEB0755,C248,SKU-JUICE-042,12,6.14,2026-04-25,web
WEB0756,C293,SKU-MILK-020,1,1.66,2026-05-03,web
WEB0757,C283,SKU-BREAD-035,12,1.9,2026-04-13,web
WEB0758,C284,SKU-BREAD-033,3,8.05,2026-04-15,web
WEB0759,C110,SKU-APPLE-024,3,7.96,2026-04-30,mobile
WEB0760,C153,SKU-APPLE-002,2,4.86,2026-04-18,mobile
WEB0761,C201,SKU-APPLE-017,11,8.91,2026-04-18,web
WEB0762,C229,SKU-BREAD-026,12,7.39,2026-04-23,web
WEB0763,C221,SKU-JUICE-007,7,7.85,2026-04-10,web
WEB0764,C170,SKU-JUICE-038,10,9.65,2026-04-09,mobile
WEB0765,C147,SKU-APPLE-035,1,6.34,2026-04-12,web
WEB0766,C195,SKU-BREAD-016,6,8.53,2026-05-01,mobile
WEB0767,C212,SKU-BREAD-012,3,5.65,2026-04-27,web
WEB0768,C214,SKU-JUICE-032,3,3.16,2026-05-02,web
WEB0769,C279,SKU-APPLE-022,12,9.84,2026-05-04,web
WEB0770,C249,SKU-APPLE-009,10,8.57,2026-04-13,mobile
WEB0771,C125,SKU-JUICE-023,13,8.29,2026-05-03,web
WEB0772,C224,SKU-MILK-040,7,4.57,2026-04-12,web
WEB0773,C110,SKU-APPLE-002,5,9.48,2026-04-13,web
WEB0774,C135,SKU-JUICE-015,11,5.25,2026-05-05,web
WEB0775,C236,SKU-APPLE-007,12,6.46,2026-04-20,mobile
WEB0776,C197,SKU-JUICE-020,8,5.7,2026-05-03,web
WEB0777,C248,SKU-MILK-044,2,7.42,2026-05-04,mobile
WEB0778,C252,SKU-MILK-011,1,1.6,2026-05-04,web
WEB0779,C144,SKU-BREAD-030,5,7.56,2026-04-26,mobile
WEB0780,C136,SKU-MILK-028,4,4.83,2026-05-05,mobile
WEB0781,C175,SKU-MILK-009,10,2.0,2026-04-25,mobile
WEB0782,C292,SKU-MILK-012,5,9.63,2026-04-06,mobile
WEB0783,C207,SKU-JUICE-033,7,5.27,2026-04-13,mobile
WEB0784,C156,SKU-APPLE-019,6,7.42,2026-04-22,mobile
WEB0785,C243,SKU-JUICE-032,9,4.68,2026-04-08,web
WEB0786,C192,SKU-APPLE-036,13,8.93,2026-04-12,web
WEB0787,C123,SKU-APPLE-023,15,5.53,2026-04-18,mobile
WEB0788,C297,SKU-BREAD-047,12,3.09,2026-04-16,mobile
WEB0789,C148,SKU-APPLE-011,14,3.17,2026-04-12,mobile
WEB0790,C158,SKU-BREAD-002,8,1.96,2026-04-21,web
WEB0791,C208,SKU-APPLE-017,13,2.21,2026-04-27,mobile
WEB0792,C213,SKU-JUICE-026,4,5.51,2026-04-28,mobile
WEB0793,C259,SKU-APPLE-040,13,8.99,2026-04-11,web
WEB0794,C281,SKU-JUICE-044,1,5.66,2026-04-15,mobile
WEB0795,C242,SKU-MILK-020,3,4.73,2026-05-02,web
WEB0796,C220,SKU-JUICE-032,7,4.03,2026-04-17,mobile
WEB0797,C156,SKU-MILK-006,15,7.96,2026-04-20,web
WEB0798,C271,SKU-MILK-050,14,5.02,2026-04-28,web
WEB0799,C159,SKU-MILK-043,4,9.78,2026-04-20,web
WEB0800,C111,SKU-BREAD-025,15,3.01,2026-04-29,web
WEB0801,C181,SKU-APPLE-047,8,2.23,2026-04-20,web
WEB0802,C125,SKU-MILK-019,6,7.2,2026-04-13,web
WEB0803,C133,SKU-JUICE-050,5,1.63,2026-05-04,web
WEB0804,C215,SKU-BREAD-025,1,8.73,2026-04-10,web
WEB0805,C274,SKU-JUICE-002,6,3.57,2026-04-16,mobile
WEB0806,C235,SKU-APPLE-047,5,6.31,2026-04-20,web
WEB0807,C125,SKU-BREAD-046,3,2.38,2026-04-27,mobile
WEB0808,C255,SKU-BREAD-039,8,6.97,2026-04-11,mobile
WEB0809,C163,SKU-MILK-035,13,5.66,2026-04-08,mobile
WEB0810,C126,SKU-JUICE-031,15,3.76,2026-04-13,web
WEB0811,C265,SKU-JUICE-019,12,3.21,2026-04-20,mobile
WEB0812,C253,SKU-APPLE-025,9,8.21,2026-04-21,mobile
WEB0813,C227,SKU-MILK-021,6,6.31,2026-04-06,web
WEB0814,C158,SKU-BREAD-018,13,5.28,2026-04-09,web
WEB0815,C266,SKU-MILK-032,13,3.25,2026-04-21,mobile
WEB0816,C112,SKU-BREAD-045,5,8.81,2026-04-27,web
WEB0817,C124,SKU-BREAD-027,7,3.97,2026-04-26,web
WEB0818,C129,SKU-JUICE-043,13,1.44,2026-04-16,mobile
WEB0819,C131,SKU-MILK-008,6,8.19,2026-04-26,mobile
WEB0820,C145,SKU-APPLE-028,6,3.83,2026-04-20,web
WEB0821,C264,SKU-MILK-043,6,9.99,2026-04-24,web
WEB0822,C169,SKU-MILK-043,11,9.09,2026-04-09,web
WEB0823,C175,SKU-MILK-048,10,9.52,2026-04-13,mobile
WEB0824,C103,SKU-JUICE-005,7,2.49,2026-05-05,web
WEB0825,C279,SKU-MILK-024,3,3.69,2026-04-28,web
WEB0826,C271,SKU-BREAD-046,8,4.64,2026-05-05,mobile
WEB0827,C113,SKU-BREAD-008,14,8.16,2026-04-14,web
WEB0828,C171,SKU-MILK-009,8,8.46,2026-04-27,web
WEB0829,C140,SKU-BREAD-042,3,5.14,2026-04-10,web
WEB0830,C250,SKU-APPLE-043,12,4.0,2026-04-30,web
WEB0831,C100,SKU-BREAD-018,3,1.9,2026-04-28,mobile
WEB0832,C191,SKU-BREAD-045,8,5.67,2026-04-18,mobile
WEB0833,C137,SKU-BREAD-033,3,8.17,2026-04-08,mobile
WEB0834,C151,SKU-JUICE-049,8,9.98,2026-05-02,web
WEB0835,C283,SKU-BREAD-004,13,9.21,2026-04-20,mobile
WEB0836,C207,SKU-BREAD-010,7,5.03,2026-04-12,web
WEB0837,C235,SKU-MILK-026,15,6.56,2026-04-30,mobile
WEB0838,C152,SKU-JUICE-029,12,1.03,2026-04-06,web
WEB0839,C151,SKU-JUICE-032,15,1.38,2026-04-28,mobile
WEB0840,C123,SKU-MILK-025,14,9.11,2026-04-14,mobile
WEB0841,C293,SKU-BREAD-012,11,3.59,2026-05-04,mobile
WEB0842,C291,SKU-MILK-036,2,6.91,2026-04-09,mobile
WEB0843,C234,SKU-MILK-049,9,1.23,2026-04-24,web
WEB0844,C232,SKU-MILK-048,1,10.0,2026-04-14,mobile
WEB0845,C148,SKU-JUICE-015,13,7.47,2026-04-20,mobile
WEB0846,C238,SKU-JUICE-034,9,6.81,2026-04-08,mobile
WEB0847,C169,SKU-JUICE-010,3,9.32,2026-04-12,web
WEB0848,C200,SKU-MILK-033,5,1.36,2026-04-22,web
WEB0849,C166,SKU-JUICE-020,5,6.61,2026-04-11,web
WEB0850,C120,SKU-JUICE-047,4,9.77,2026-04-13,web
WEB0851,C192,SKU-APPLE-037,10,10.0,2026-04-21,mobile
WEB0852,C220,SKU-MILK-004,2,1.81,2026-04-08,mobile
WEB0853,C233,SKU-MILK-030,13,1.87,2026-04-23,mobile
WEB0854,C197,SKU-APPLE-038,6,3.8,2026-04-12,mobile
WEB0855,C176,SKU-BREAD-034,13,3.47,2026-04-17,mobile
WEB0856,C133,SKU-APPLE-005,2,9.49,2026-04-16,web
WEB0857,C141,SKU-MILK-003,3,2.56,2026-04-26,web
WEB0858,C299,SKU-MILK-012,2,8.08,2026-04-18,mobile
WEB0859,C104,SKU-MILK-013,10,1.77,2026-05-01,web
WEB0860,C254,SKU-BREAD-036,8,5.09,2026-04-09,mobile
WEB0861,C254,SKU-MILK-007,15,2.97,2026-04-24,mobile
WEB0862,C105,SKU-JUICE-023,9,4.53,2026-05-02,web
WEB0863,C234,SKU-JUICE-021,12,5.95,2026-04-20,web
WEB0864,C230,SKU-JUICE-002,12,9.88,2026-04-09,web
WEB0865,C150,SKU-MILK-011,8,7.09,2026-04-29,web
WEB0866,C108,SKU-BREAD-037,15,8.28,2026-04-17,mobile
WEB0867,C230,SKU-BREAD-021,3,8.26,2026-04-23,mobile
WEB0868,C259,SKU-BREAD-010,3,4.7,2026-04-28,web
WEB0869,C282,SKU-APPLE-007,13,7.32,2026-04-21,web
WEB0870,C175,SKU-APPLE-048,11,6.92,2026-04-25,web
WEB0871,C165,SKU-JUICE-026,1,3.59,2026-04-14,mobile
WEB0872,C173,SKU-JUICE-031,9,4.59,2026-04-27,mobile
WEB0873,C243,SKU-MILK-050,6,1.95,2026-04-09,web
WEB0874,C205,SKU-APPLE-049,7,3.68,2026-04-26,mobile
WEB0875,C158,SKU-APPLE-014,14,1.65,2026-04-14,mobile
WEB0876,C239,SKU-APPLE-011,5,3.58,2026-04-19,web
WEB0877,C235,SKU-BREAD-025,2,3.38,2026-04-11,mobile
WEB0878,C262,SKU-BREAD-018,6,9.39,2026-04-17,mobile
WEB0879,C266,SKU-MILK-030,1,6.41,2026-04-26,mobile
WEB0880,C279,SKU-APPLE-027,15,6.72,2026-04-09,mobile
WEB0881,C174,SKU-BREAD-050,6,5.71,2026-04-20,web
WEB0882,C147,SKU-BREAD-044,4,4.45,2026-04-08,mobile
WEB0883,C184,SKU-MILK-019,4,6.27,2026-04-16,mobile
WEB0884,C268,SKU-APPLE-028,11,8.68,2026-04-21,mobile
WEB0885,C115,SKU-MILK-017,10,5.71,2026-05-05,mobile
WEB0886,C249,SKU-JUICE-030,7,8.71,2026-04-09,mobile
WEB0887,C152,SKU-BREAD-015,14,6.38,2026-04-28,mobile
WEB0888,C231,SKU-JUICE-018,5,8.04,2026-04-30,mobile
WEB0889,C217,SKU-MILK-015,5,1.72,2026-04-06,mobile
WEB0890,C214,SKU-JUICE-007,11,1.12,2026-04-30,mobile
WEB0891,C289,SKU-JUICE-027,6,1.51,2026-04-30,mobile
WEB0892,C190,SKU-BREAD-047,5,7.25,2026-04-27,web
WEB0893,C200,SKU-JUICE-025,4,4.79,2026-04-20,web
WEB0894,C106,SKU-JUICE-008,1,7.0,2026-04-11,web
WEB0895,C141,SKU-BREAD-036,9,4.61,2026-05-03,web
WEB0896,C183,SKU-APPLE-030,7,7.91,2026-04-29,mobile
WEB0897,C245,SKU-MILK-016,13,1.89,2026-04-30,web
WEB0898,C154,SKU-BREAD-047,9,4.52,2026-04-11,mobile
WEB0899,C184,SKU-JUICE-002,14,9.09,2026-04-19,mobile
WEB0900,C177,SKU-APPLE-041,12,8.34,2026-04-30,mobile
WEB0901,C255,SKU-BREAD-029,13,5.47,2026-04-09,mobile
WEB0902,C291,SKU-JUICE-028,10,9.55,2026-04-14,web
WEB0903,C269,SKU-MILK-036,12,7.4,2026-04-10,mobile
WEB0904,C227,SKU-MILK-049,5,1.07,2026-04-16,web
WEB0905,C267,SKU-JUICE-008,11,2.24,2026-04-08,mobile
WEB0906,C201,SKU-APPLE-007,4,7.66,2026-05-05,web
WEB0907,C103,SKU-BREAD-023,7,6.13,2026-05-01,mobile
WEB0908,C234,SKU-JUICE-004,3,7.87,2026-04-27,mobile
WEB0909,C152,SKU-BREAD-035,5,1.31,2026-04-13,mobile
WEB0910,C244,SKU-JUICE-024,15,2.93,2026-04-09,web
WEB0911,C129,SKU-APPLE-024,10,6.0,2026-05-01,mobile
WEB0912,C103,SKU-BREAD-032,1,3.36,2026-04-17,web
WEB0913,C120,SKU-JUICE-028,4,2.05,2026-05-05,mobile
WEB0914,C109,SKU-APPLE-032,3,4.83,2026-04-19,mobile
WEB0915,C297,SKU-JUICE-046,14,8.03,2026-04-27,web
WEB0916,C220,SKU-BREAD-013,12,5.45,2026-04-07,web
WEB0917,C118,SKU-BREAD-011,5,8.69,2026-05-03,web
WEB0918,C206,SKU-BREAD-032,10,3.38,2026-04-23,web
WEB0919,C207,SKU-MILK-040,11,3.47,2026-04-09,web
WEB0920,C146,SKU-MILK-034,13,5.17,2026-04-24,web
WEB0921,C266,SKU-APPLE-049,10,1.47,2026-04-20,web
WEB0922,C210,SKU-APPLE-002,1,9.89,2026-04-09,web
WEB0923,C188,SKU-JUICE-039,9,3.16,2026-04-19,mobile
WEB0924,C196,SKU-APPLE-003,3,1.18,2026-04-12,web
WEB0925,C219,SKU-MILK-004,9,6.12,2026-04-11,web
WEB0926,C271,SKU-MILK-038,3,7.17,2026-04-17,mobile
WEB0927,C267,SKU-JUICE-001,7,3.38,2026-04-21,web
WEB0928,C160,SKU-APPLE-046,14,3.63,2026-04-21,web
WEB0929,C290,SKU-APPLE-049,6,6.78,2026-04-29,mobile
WEB0930,C193,SKU-MILK-044,12,5.39,2026-05-05,web
WEB0931,C108,SKU-JUICE-023,8,9.01,2026-04-27,mobile
WEB0932,C139,SKU-BREAD-010,1,5.76,2026-04-15,web
WEB0933,C120,SKU-MILK-007,15,8.64,2026-04-23,mobile
WEB0934,C254,SKU-MILK-007,6,4.1,2026-04-28,mobile
WEB0935,C214,SKU-APPLE-045,7,6.45,2026-05-05,mobile
WEB0936,C108,SKU-BREAD-023,12,1.98,2026-04-30,web
WEB0937,C146,SKU-BREAD-042,15,1.99,2026-05-01,mobile
WEB0938,C187,SKU-BREAD-045,8,4.94,2026-04-30,mobile
WEB0939,C198,SKU-JUICE-031,4,8.5,2026-05-02,web
WEB0940,C274,SKU-JUICE-050,6,2.05,2026-04-26,mobile
WEB0941,C246,SKU-MILK-041,2,2.29,2026-05-01,web
WEB0942,C240,SKU-JUICE-050,5,6.23,2026-04-09,mobile
WEB0943,C202,SKU-APPLE-001,2,5.8,2026-05-01,mobile
WEB0944,C177,SKU-JUICE-008,7,1.08,2026-04-14,mobile
WEB0945,C260,SKU-APPLE-005,3,9.37,2026-04-20,mobile
WEB0946,C149,SKU-MILK-033,5,2.27,2026-04-28,web
WEB0947,C195,SKU-MILK-041,6,9.76,2026-04-30,mobile
WEB0948,C267,SKU-APPLE-023,10,1.24,2026-04-08,web
WEB0949,C271,SKU-BREAD-019,11,6.73,2026-05-03,mobile
WEB0950,C293,SKU-APPLE-019,6,1.58,2026-04-14,mobile
WEB0951,C202,SKU-JUICE-002,11,2.02,2026-04-15,mobile
WEB0952,C213,SKU-JUICE-047,5,6.56,2026-04-21,web
WEB0953,C209,SKU-BREAD-008,14,3.0,2026-04-30,web
WEB0954,C125,SKU-MILK-020,3,3.98,2026-04-24,web
WEB0955,C185,SKU-JUICE-003,7,5.26,2026-04-25,mobile
WEB0956,C192,SKU-APPLE-017,10,3.7,2026-04-28,mobile
WEB0957,C114,SKU-APPLE-008,7,9.83,2026-04-15,mobile
WEB0958,C158,SKU-APPLE-047,3,7.97,2026-04-10,mobile
WEB0959,C166,SKU-MILK-049,12,7.35,2026-04-24,mobile
WEB0960,C107,SKU-JUICE-006,9,9.94,2026-04-15,web
WEB0961,C279,SKU-JUICE-043,15,2.13,2026-04-12,mobile
WEB0962,C174,SKU-APPLE-049,13,1.07,2026-04-08,mobile
WEB0963,C107,SKU-JUICE-018,7,10.0,2026-04-29,mobile
WEB0964,C165,SKU-JUICE-031,4,3.22,2026-05-04,web
WEB0965,C176,SKU-MILK-008,1,4.72,2026-04-14,web
WEB0966,C185,SKU-MILK-004,14,3.31,2026-04-08,web
WEB0967,C263,SKU-MILK-050,7,6.78,2026-04-30,mobile
WEB0968,C132,SKU-BREAD-033,8,5.72,2026-04-21,mobile
WEB0969,C140,SKU-MILK-034,15,9.49,2026-04-25,mobile
WEB0970,C276,SKU-BREAD-033,6,1.58,2026-04-10,web
WEB0971,C200,SKU-APPLE-009,6,3.81,2026-04-19,mobile
WEB0972,C262,SKU-APPLE-044,7,4.24,2026-04-07,web
WEB0973,C115,SKU-JUICE-037,5,3.34,2026-04-17,web
WEB0974,C262,SKU-APPLE-027,12,3.08,2026-04-23,mobile
WEB0975,C271,SKU-APPLE-017,4,4.67,2026-05-04,web
WEB0976,C275,SKU-MILK-039,3,4.8,2026-04-24,web
WEB0977,C211,SKU-JUICE-015,9,7.28,2026-04-10,mobile
WEB0978,C138,SKU-BREAD-011,6,3.63,2026-04-20,mobile
WEB0979,C222,SKU-BREAD-020,14,5.67,2026-04-19,web
WEB0980,C153,SKU-JUICE-020,3,5.0,2026-04-24,web
WEB0981,C244,SKU-BREAD-002,4,9.34,2026-04-06,web
WEB0982,C145,SKU-MILK-030,3,2.89,2026-04-08,mobile
WEB0983,C246,SKU-MILK-034,3,8.6,2026-04-08,mobile
WEB0984,C265,SKU-APPLE-025,8,7.96,2026-04-29,mobile
WEB0985,C101,SKU-MILK-011,13,5.23,2026-04-27,mobile
WEB0986,C234,SKU-MILK-040,2,1.76,2026-04-28,mobile
WEB0987,C256,SKU-BREAD-028,11,2.13,2026-04-29,mobile
WEB0988,C231,SKU-APPLE-033,3,5.6,2026-04-15,web
WEB0989,C158,SKU-MILK-003,13,3.96,2026-04-28,mobile
WEB0990,C114,SKU-JUICE-038,10,9.78,2026-04-25,web
WEB0991,C222,SKU-MILK-003,12,1.77,2026-04-30,web
WEB0992,C169,SKU-JUICE-008,15,9.24,2026-04-12,mobile
WEB0993,C294,SKU-JUICE-027,10,8.25,2026-04-12,web
WEB0994,C189,SKU-APPLE-011,13,3.56,2026-04-06,web
WEB0995,C294,SKU-APPLE-039,1,8.01,2026-04-16,web
WEB0996,C194,SKU-JUICE-012,9,7.28,2026-04-12,web
WEB0997,C279,SKU-BREAD-033,9,8.09,2026-04-26,mobile
WEB0998,C228,SKU-JUICE-026,15,3.64,2026-04-09,mobile
WEB0999,C213,SKU-JUICE-035,14,6.11,2026-04-26,web
