transaction_id,store_id,product_sku,quantity,unit_price,transaction_date,customer_id
T0000,STORE_01,SKU-APPLE-046,9,8.82,2026-04-06,C157
T0001,STORE_03,SKU-JUICE-039,5,9.57,2026-04-09,C194
T0002,STORE_02,SKU-BREAD-035,4,3.41,2026-05-03,C232
T0003,STORE_01,SKU-JUICE-021,2,6.63,2026-04-16,C170
T0004,STORE_05,SKU-MILK-030,4,9.34,2026-04-07,C173
T0005,STORE_01,SKU-APPLE-032,5,6.5,2026-04-12,C213
T0006,STORE_02,SKU-JUICE-049,1,4.65,2026-04-28,C125
T0007,STORE_01,SKU-JUICE-008,4,2.96,2026-05-04,C144
T0008,STORE_01,SKU-JUICE-001,9,2.56,2026-04-25,C256
T0009,STORE_03,SKU-MILK-036,8,9.18,2026-04-30,C100
T0010,STORE_02,SKU-MILK-002,10,2.07,2026-04-21,C118
T0011,STORE_05,SKU-APPLE-033,8,9.97,2026-04-27,C116
T0012,STORE_01,SKU-JUICE-043,1,8.46,2026-04-17,C188
T0013,STORE_03,SKU-APPLE-037,6,3.01,2026-04-09,C257
T0014,STORE_04,SKU-JUICE-026,8,1.19,2026-04-13,C144
T0015,STORE_04,SKU-JUICE-039,1,8.03,2026-04-07,C146
T0016,STORE_04,SKU-APPLE-003,9,8.99,2026-04-23,C221
T0017,STORE_05,SKU-JUICE-006,5,5.42,2026-05-02,C141
T0018,STORE_02,SKU-APPLE-012,6,7.16,2026-04-30,C252
T0019,STORE_02,SKU-MILK-036,2,9.0,2026-04-18,C154
T0020,STORE_02,SKU-JUICE-034,1,9.54,2026-04-21,C143
T0021,STORE_05,SKU-BREAD-047,8,6.93,2026-04-15,C157
T0022,STORE_05,SKU-JUICE-015,9,7.39,2026-04-19,C127
T0023,STORE_05,SKU-BREAD-037,2,4.53,2026-04-28,C199
T0024,STORE_05,SKU-APPLE-019,10,1.24,2026-04-16,C151
T0025,STORE_03,SKU-MILK-028,1,4.2,2026-04-20,C184
T0026,STORE_02,SKU-JUICE-028,7,3.57,2026-05-02,C181
T0027,STORE_03,SKU-APPLE-009,8,6.66,2026-04-20,C232
T0028,STORE_02,SKU-APPLE-022,6,5.9,2026-04-27,C291
T0029,STORE_05,SKU-BREAD-022,7,6.4,2026-04-26,C123
T0030,STORE_03,SKU-MILK-019,10,1.51,2026-04-22,C211
T0031,STORE_04,SKU-BREAD-027,2,3.43,2026-04-22,C165
T0032,STORE_04,SKU-APPLE-030,8,7.72,2026-04-28,C209
T0033,STORE_03,SKU-MILK-012,1,8.37,2026-04-29,C122
T0034,STORE_01,SKU-BREAD-007,2,4.53,2026-04-19,C284
T0035,STORE_05,SKU-APPLE-009,7,7.45,2026-04-16,C285
T0036,STORE_03,SKU-APPLE-019,8,3.28,2026-04-16,C243
T0037,STORE_05,SKU-BREAD-002,8,2.53,2026-04-06,C205
T0038,STORE_02,SKU-JUICE-029,2,9.37,2026-04-10,C288
T0039,STORE_01,SKU-APPLE-004,2,9.95,2026-04-29,C215
T0040,STORE_01,SKU-JUICE-035,7,6.63,2026-04-24,C105
T0041,STORE_01,SKU-BREAD-010,3,6.96,2026-05-01,C193
T0042,STORE_03,SKU-MILK-020,5,6.12,2026-04-24,C157
T0043,STORE_05,SKU-JUICE-023,2,1.61,2026-04-10,C287
T0044,STORE_05,SKU-JUICE-022,2,2.72,2026-05-03,C112
T0045,STORE_03,SKU-BREAD-045,3,9.04,2026-04-22,C263
T0046,STORE_02,SKU-JUICE-047,5,3.73,2026-04-17,C246
T0047,STORE_03,SKU-MILK-029,9,2.72,2026-04-15,C297
T0048,STORE_03,SKU-BREAD-020,4,8.26,2026-05-01,C115
T0049,STORE_05,SKU-APPLE-033,7,5.76,2026-04-08,C267
T0050,STORE_05,SKU-BREAD-010,9,3.61,2026-04-08,C132
T0051,STORE_03,SKU-BREAD-032,3,9.65,2026-04-16,C214
T0052,STORE_05,SKU-BREAD-046,3,5.79,2026-04-27,C208
T0053,STORE_04,SKU-JUICE-026,5,9.66,2026-04-25,C126
T0054,STORE_03,SKU-MILK-030,4,4.73,2026-04-11,C266
T0055,STORE_02,SKU-JUICE-006,2,9.3,2026-04-30,C163
T0056,STORE_04,SKU-APPLE-044,6,5.9,2026-04-09,C147
T0057,STORE_02,SKU-JUICE-013,5,8.45,2026-04-08,C216
T0058,STORE_02,SKU-APPLE-012,5,1.51,2026-04-07,C285
T0059,STORE_03,SKU-BREAD-007,9,6.89,2026-04-09,C107
T0060,STORE_04,SKU-APPLE-042,3,6.38,2026-04-19,C232
T0061,STORE_04,SKU-JUICE-050,8,9.45,2026-04-25,C119
T0062,STORE_04,SKU-JUICE-015,9,7.94,2026-04-23,C174
T0063,STORE_03,SKU-APPLE-003,10,5.59,2026-05-03,C145
T0064,STORE_01,SKU-APPLE-021,9,8.1,2026-05-01,C147
T0065,STORE_02,SKU-APPLE-041,7,2.58,2026-04-14,C156
T0066,STORE_02,SKU-MILK-037,4,8.76,2026-04-25,C243
T0067,STORE_01,SKU-JUICE-034,10,1.33,2026-04-25,C179
T0068,STORE_01,SKU-APPLE-050,1,5.44,2026-05-03,C261
T0069,STORE_04,SKU-MILK-048,8,1.71,2026-05-04,C155
T0070,STORE_02,SKU-MILK-006,7,4.04,2026-04-30,C182
T0071,STORE_03,SKU-APPLE-046,10,8.51,2026-04-08,C240
T0072,STORE_03,SKU-JUICE-012,6,5.69,2026-04-19,C133
T0073,STORE_01,SKU-MILK-005,6,6.26,2026-04-22,C228
T0074,STORE_02,SKU-JUICE-002,9,1.63,2026-04-18,C239
T0075,STORE_03,SKU-BREAD-035,1,3.31,2026-04-14,C257
T0076,STORE_02,SKU-MILK-008,5,2.74,2026-04-30,C118
T0077,STORE_04,SKU-BREAD-008,8,9.02,2026-04-27,C278
T0078,STORE_05,SKU-JUICE-037,6,1.35,2026-04-24,C102
T0079,STORE_02,SKU-JUICE-046,3,2.47,2026-04-09,C167
T0080,STORE_05,SKU-APPLE-032,1,2.22,2026-04-08,C158
T0081,STORE_05,SKU-APPLE-035,10,4.18,2026-05-03,C230
T0082,STORE_02,SKU-JUICE-015,2,7.42,2026-04-22,C265
T0083,STORE_01,SKU-MILK-007,7,1.95,2026-04-21,C149
T0084,STORE_03,SKU-MILK-006,6,7.58,2026-04-06,C122
T0085,STORE_03,SKU-APPLE-026,3,4.57,2026-04-07,C137
T0086,STORE_05,SKU-BREAD-032,6,1.04,2026-04-15,C203
T0087,STORE_01,SKU-BREAD-034,4,4.86,2026-04-29,C223
T0088,STORE_05,SKU-APPLE-046,1,4.03,2026-04-25,C272
T0089,STORE_05,SKU-JUICE-014,10,9.19,2026-04-21,C243
T0090,STORE_03,SKU-MILK-015,6,6.3,2026-04-28,C279
T0091,STORE_04,SKU-MILK-023,3,4.66,2026-04-15,C102
T0092,STORE_05,SKU-JUICE-024,6,1.21,2026-04-09,C134
T0093,STORE_04,SKU-MILK-024,4,5.71,2026-04-14,C257
T0094,STORE_03,SKU-BREAD-023,1,2.89,2026-04-18,C270
T0095,STORE_04,SKU-JUICE-042,6,8.33,2026-05-01,C167
T0096,STORE_04,SKU-MILK-010,6,2.42,2026-04-15,C231
T0097,STORE_01,SKU-MILK-033,10,3.34,2026-04-07,C177
T0098,STORE_01,SKU-APPLE-047,8,7.96,2026-04-25,C292
T0099,STORE_05,SKU-JUICE-009,8,6.43,2026-04-25,C213
T0100,STORE_01,SKU-BREAD-050,9,5.26,2026-04-06,C263
T0101,STORE_01,SKU-APPLE-016,4,4.15,2026-04-20,C265
T0102,STORE_04,SKU-BREAD-016,4,7.63,2026-04-10,C171
T0103,STORE_04,SKU-JUICE-027,8,5.02,2026-04-28,C253
T0104,STORE_01,SKU-APPLE-002,1,5.12,2026-04-07,C203
T0105,STORE_04,SKU-JUICE-027,7,4.72,2026-04-23,C170
T0106,STORE_03,SKU-JUICE-048,8,5.35,2026-04-11,C213
T0107,STORE_03,SKU-BREAD-047,2,4.32,2026-04-15,C286
T0108,STORE_02,SKU-JUICE-013,4,7.63,2026-05-03,C225
T0109,STORE_05,SKU-JUICE-029,10,4.89,2026-04-13,C286
T0110,STORE_04,SKU-MILK-004,2,3.62,2026-04-22,C139
T0111,STORE_01,SKU-APPLE-050,4,3.79,2026-04-23,C244
T0112,STORE_05,SKU-BREAD-001,7,3.49,2026-04-19,C291
T0113,STORE_03,SKU-MILK-017,9,4.47,2026-04-15,C101
T0114,STORE_01,SKU-MILK-031,1,4.59,2026-04-30,C160
T0115,STORE_04,SKU-JUICE-032,3,9.14,2026-04-10,C152
T0116,STORE_05,SKU-APPLE-025,7,5.17,2026-04-18,C297
T0117,STORE_04,SKU-MILK-026,2,7.8,2026-04-27,C143
T0118,STORE_03,SKU-APPLE-023,8,4.0,2026-05-02,C198
T0119,STORE_04,SKU-BREAD-014,7,1.48,2026-04-29,C285
T0120,STORE_05,SKU-APPLE-047,3,8.07,2026-04-06,C107
T0121,STORE_01,SKU-JUICE-047,6,4.35,2026-04-18,C187
T0122,STORE_05,SKU-BREAD-037,7,2.98,2026-04-23,C174
T0123,STORE_03,SKU-APPLE-024,2,3.11,2026-04-25,C179
T0124,STORE_05,SKU-MILK-043,9,9.64,2026-04-24,C209
T0125,STORE_01,SKU-APPLE-015,8,9.45,2026-04-30,C119
T0126,STORE_02,SKU-BREAD-018,4,1.99,2026-04-23,C267
T0127,STORE_03,SKU-APPLE-038,1,5.09,2026-04-08,C214
T0128,STORE_05,SKU-APPLE-024,2,3.08,2026-04-26,C225
T0129,STORE_04,SKU-APPLE-008,5,6.13,2026-04-06,C194
T0130,STORE_05,SKU-BREAD-043,6,4.68,2026-05-05,C139
T0131,STORE_05,SKU-MILK-014,1,1.31,2026-04-21,C165
T0132,STORE_04,SKU-BREAD-029,5,1.84,2026-04-27,C203
T0133,STORE_05,SKU-BREAD-046,9,6.05,2026-04-28,C268
T0134,STORE_01,SKU-MILK-005,5,8.19,2026-04-10,C251
T0135,STORE_05,SKU-APPLE-010,1,1.03,2026-04-06,C109
T0136,STORE_02,SKU-MILK-001,3,7.16,2026-05-03,C242
T0137,STORE_02,SKU-APPLE-002,3,9.24,2026-04-06,C207
T0138,STORE_04,SKU-APPLE-046,5,6.13,2026-04-26,C197
T0139,STORE_05,SKU-APPLE-007,7,3.98,2026-04-24,C165
T0140,STORE_01,SKU-APPLE-022,9,2.85,2026-04-19,C102
T0141,STORE_05,SKU-JUICE-013,4,5.82,2026-04-07,C281
T0142,STORE_02,SKU-APPLE-034,8,4.55,2026-04-18,C255
T0143,STORE_05,SKU-JUICE-003,4,4.39,2026-04-16,C158
T0144,STORE_04,SKU-JUICE-045,8,9.04,2026-04-07,C185
T0145,STORE_02,SKU-MILK-030,7,7.01,2026-04-23,C103
T0146,STORE_03,SKU-MILK-045,8,7.55,2026-04-07,C241
T0147,STORE_04,SKU-MILK-020,2,7.48,2026-05-04,C255
T0148,STORE_03,SKU-JUICE-046,9,6.73,2026-04-23,C171
T0149,STORE_02,SKU-MILK-013,3,6.0,2026-04-18,C236
T0150,STORE_03,SKU-APPLE-004,7,5.18,2026-04-06,C119
T0151,STORE_05,SKU-MILK-012,2,8.56,2026-04-16,C294
T0152,STORE_02,SKU-APPLE-050,4,6.47,2026-04-20,C290
T0153,STORE_05,SKU-BREAD-017,3,2.14,2026-04-24,C230
T0154,STORE_03,SKU-MILK-017,6,4.4,2026-04-26,C142
T0155,STORE_02,SKU-BREAD-021,4,3.61,2026-04-28,C194
T0156,STORE_01,SKU-APPLE-026,4,4.15,2026-04-16,C200
T0157,STORE_01,SKU-MILK-009,2,1.82,2026-04-19,C275
T0158,STORE_03,SKU-JUICE-026,1,6.53,2026-04-19,C192
T0159,STORE_01,SKU-APPLE-007,2,4.95,2026-04-17,C196
T0160,STORE_01,SKU-APPLE-033,1,2.84,2026-04-22,C165
T0161,STORE_02,SKU-MILK-035,4,8.57,2026-04-18,C131
T0162,STORE_03,SKU-JUICE-015,3,3.84,2026-04-18,C254
T0163,STORE_02,SKU-JUICE-010,3,4.33,2026-05-01,C293
T0164,STORE_05,SKU-MILK-019,9,6.7,2026-04-29,C121
T0165,STORE_03,SKU-JUICE-037,9,6.47,2026-04-10,C253
T0166,STORE_02,SKU-MILK-025,3,4.03,2026-04-18,C291
T0167,STORE_01,SKU-JUICE-014,2,4.78,2026-04-10,C282
T0168,STORE_03,SKU-JUICE-035,2,1.52,2026-04-26,C147
T0169,STORE_01,SKU-JUICE-018,2,3.7,2026-04-07,C144
T0170,STORE_03,SKU-APPLE-050,6,6.06,2026-04-17,C136
T0171,STORE_01,SKU-MILK-031,5,3.37,2026-04-24,C119
T0172,STORE_04,SKU-MILK-025,5,7.85,2026-04-19,C263
T0173,STORE_03,SKU-MILK-050,4,1.48,2026-05-01,C143
T0174,STORE_05,SKU-BREAD-046,5,6.82,2026-05-01,C163
T0175,STORE_04,SKU-JUICE-030,8,7.27,2026-05-05,C180
T0176,STORE_02,SKU-MILK-049,8,7.05,2026-04-13,C120
T0177,STORE_04,SKU-APPLE-032,2,3.27,2026-04-26,C215
T0178,STORE_05,SKU-MILK-017,6,2.76,2026-04-09,C144
T0179,STORE_04,SKU-BREAD-042,3,5.06,2026-04-13,C215
T0180,STORE_03,SKU-JUICE-050,10,2.2,2026-04-10,C182
T0181,STORE_03,SKU-APPLE-042,10,2.13,2026-04-08,C203
T0182,STORE_05,SKU-JUICE-025,6,5.15,2026-04-15,C223
T0183,STORE_05,SKU-JUICE-028,9,3.52,2026-04-16,C156
T0184,STORE_03,SKU-MILK-026,5,5.98,2026-04-30,C108
T0185,STORE_01,SKU-APPLE-029,5,2.97,2026-05-02,C204
T0186,STORE_01,SKU-JUICE-004,6,7.04,2026-04-07,C214
T0187,STORE_01,SKU-JUICE-023,5,2.01,2026-04-28,C182
T0188,STORE_01,SKU-APPLE-014,5,4.08,2026-05-05,C196
T0189,STORE_01,SKU-MILK-012,8,9.85,2026-04-27,C258
T0190,STORE_02,SKU-JUICE-050,9,5.13,2026-04-27,C182
T0191,STORE_03,SKU-JUICE-019,9,6.53,2026-04-28,C151
T0192,STORE_02,SKU-APPLE-046,7,1.55,2026-05-02,C153
T0193,STORE_03,SKU-APPLE-032,8,8.46,2026-04-12,C267
T0194,STORE_03,SKU-BREAD-007,1,3.42,2026-05-02,C214
T0195,STORE_04,SKU-APPLE-009,6,4.09,2026-04-22,C224
T0196,STORE_04,SKU-MILK-008,4,8.57,2026-04-17,C201
T0197,STORE_04,SKU-JUICE-017,7,4.23,2026-04-13,C214
T0198,STORE_02,SKU-MILK-010,5,5.56,2026-04-25,C224
T0199,STORE_02,SKU-MILK-046,6,8.57,2026-04-07,C210
T0200,STORE_04,SKU-JUICE-048,2,6.87,2026-04-10,C224
T0201,STORE_01,SKU-JUICE-025,8,2.86,2026-04-17,C254
T0202,STORE_05,SKU-BREAD-031,10,5.07,2026-05-02,C142
T0203,STORE_01,SKU-BREAD-013,5,4.66,2026-04-06,C212
T0204,STORE_02,SKU-JUICE-016,5,4.03,2026-04-15,C107
T0205,STORE_01,SKU-MILK-049,5,4.4,2026-04-12,C246
T0206,STORE_03,SKU-MILK-023,6,1.85,2026-04-29,C263
T0207,STORE_03,SKU-MILK-025,3,3.07,2026-04-18,C127
T0208,STORE_01,SKU-MILK-048,6,1.73,2026-04-17,C243
T0209,STORE_03,SKU-JUICE-009,10,1.77,2026-04-22,C268
T0210,STORE_05,SKU-JUICE-013,5,1.85,2026-04-17,C238
T0211,STORE_01,SKU-MILK-006,7,5.06,2026-04-07,C118
T0212,STORE_05,SKU-JUICE-030,10,6.28,2026-04-23,C164
T0213,STORE_02,SKU-MILK-044,5,9.27,2026-04-20,C133
T0214,STORE_05,SKU-MILK-030,6,1.8,2026-04-20,C173
T0215,STORE_02,SKU-JUICE-044,4,8.97,2026-04-24,C213
T0216,STORE_04,SKU-BREAD-042,5,3.33,2026-04-30,C271
T0217,STORE_03,SKU-APPLE-031,9,1.11,2026-04-19,C115
T0218,STORE_05,SKU-MILK-031,9,2.6,2026-04-19,C252
T0219,STORE_05,SKU-BREAD-008,4,3.23,2026-05-02,C200
T0220,STORE_03,SKU-APPLE-043,9,9.77,2026-04-28,C214
T0221,STORE_01,SKU-BREAD-034,1,3.75,2026-04-18,C293
T0222,STORE_02,SKU-MILK-018,8,7.01,2026-04-08,C293
T0223,STORE_04,SKU-MILK-038,9,1.09,2026-04-25,C275
T0224,STORE_05,SKU-MILK-043,7,2.35,2026-05-05,C217
T0225,STORE_04,SKU-BREAD-021,2,8.13,2026-04-29,C173
T0226,STORE_02,SKU-JUICE-050,2,8.03,2026-04-27,C157
T0227,STORE_05,SKU-JUICE-017,8,6.59,2026-04-20,C132
T0228,STORE_05,SKU-APPLE-002,3,7.81,2026-05-02,C106
T0229,STORE_03,SKU-BREAD-050,5,5.5,2026-04-08,C211
T0230,STORE_03,SKU-MILK-019,10,6.0,2026-04-06,C119
T0231,STORE_04,SKU-APPLE-003,1,8.65,2026-04-22,C169
T0232,STORE_01,SKU-MILK-023,7,5.08,2026-04-18,C297
T0233,STORE_01,SKU-MILK-015,8,1.5,2026-05-04,C193
T0234,STORE_01,SKU-BREAD-015,2,6.39,2026-05-02,C222
T0235,STORE_01,SKU-BREAD-004,3,8.62,2026-04-15,C289
T0236,STORE_04,SKU-MILK-034,10,8.26,2026-04-26,C218
T0237,STORE_01,SKU-MILK-037,2,4.21,2026-04-16,C100
T0238,STORE_03,SKU-APPLE-015,3,9.25,2026-04-28,C296
T0239,STORE_03,SKU-BREAD-020,10,9.25,2026-04-18,C132
T0240,STORE_01,SKU-JUICE-046,8,4.49,2026-04-17,C151
T0241,STORE_02,SKU-BREAD-010,4,6.98,2026-04-09,C198
T0242,STORE_02,SKU-BREAD-029,3,6.79,2026-04-27,C191
T0243,STORE_02,SKU-JUICE-046,3,2.1,2026-04-17,C229
T0244,STORE_05,SKU-JUICE-007,6,4.09,2026-05-03,C191
T0245,STORE_04,SKU-MILK-018,2,7.51,2026-04-21,C147
T0246,STORE_05,SKU-APPLE-010,10,4.07,2026-04-26,C159
T0247,STORE_05,SKU-BREAD-037,6,7.56,2026-04-14,C216
T0248,STORE_03,SKU-APPLE-045,2,5.21,2026-04-13,C292
T0249,STORE_04,SKU-BREAD-044,2,8.42,2026-04-30,C117
T0250,STORE_02,SKU-APPLE-008,1,4.18,2026-04-22,C180
T0251,STORE_01,SKU-APPLE-035,9,9.49,2026-04-18,C122
T0252,STORE_05,SKU-BREAD-017,10,7.03,2026-04-16,C165
T0253,STORE_01,SKU-MILK-026,9,7.97,2026-04-24,C126
T0254,STORE_04,SKU-APPLE-001,8,2.55,2026-04-29,C268
T0255,STORE_01,SKU-MILK-011,10,1.58,2026-05-03,C236
T0256,STORE_05,SKU-APPLE-025,5,1.04,2026-04-14,C224
T0257,STORE_02,SKU-BREAD-006,8,7.87,2026-04-11,C232
T0258,STORE_03,SKU-BREAD-040,2,4.29,2026-05-04,C217
T0259,STORE_05,SKU-BREAD-046,3,5.3,2026-04-17,C156
T0260,STORE_03,SKU-MILK-049,8,2.57,2026-04-09,C283
T0261,STORE_03,SKU-BREAD-044,10,6.44,2026-04-22,C136
T0262,STORE_02,SKU-JUICE-046,9,7.53,2026-04-19,C279
T0263,STORE_05,SKU-BREAD-043,9,7.08,2026-04-25,C164
T0264,STORE_03,SKU-JUICE-031,5,1.56,2026-04-30,C128
T0265,STORE_03,SKU-JUICE-040,4,6.27,2026-05-04,C146
T0266,STORE_02,SKU-JUICE-019,7,9.61,2026-04-20,C170
T0267,STORE_02,SKU-JUICE-023,9,8.07,2026-04-11,C236
T0268,STORE_02,SKU-BREAD-015,3,3.56,2026-04-30,C185
T0269,STORE_05,SKU-APPLE-023,10,2.55,2026-04-06,C293
T0270,STORE_02,SKU-MILK-042,5,2.02,2026-05-01,C185
T0271,STORE_04,SKU-APPLE-034,3,8.31,2026-04-30,C219
T0272,STORE_04,SKU-MILK-044,8,3.98,2026-05-04,C193
T0273,STORE_04,SKU-APPLE-015,8,4.04,2026-05-04,C150
T0274,STORE_05,SKU-APPLE-036,3,9.65,2026-04-15,C178
T0275,STORE_03,SKU-JUICE-037,2,8.35,2026-04-14,C255
T0276,STORE_05,SKU-MILK-044,2,3.66,2026-04-13,C165
T0277,STORE_02,SKU-JUICE-033,9,7.49,2026-05-04,C241
T0278,STORE_05,SKU-APPLE-008,4,3.96,2026-04-16,C181
T0279,STORE_04,SKU-MILK-042,7,6.23,2026-04-17,C244
T0280,STORE_01,SKU-JUICE-013,10,6.98,2026-04-14,C251
T0281,STORE_02,SKU-MILK-021,5,8.75,2026-04-21,C198
T0282,STORE_05,SKU-APPLE-001,4,3.28,2026-05-04,C214
T0283,STORE_02,SKU-BREAD-009,5,1.13,2026-04-18,C100
T0284,STORE_01,SKU-MILK-001,9,6.53,2026-04-12,C195
T0285,STORE_02,SKU-MILK-045,4,4.85,2026-05-02,C101
T0286,STORE_02,SKU-APPLE-050,9,2.34,2026-05-03,C194
T0287,STORE_02,SKU-MILK-036,8,4.57,2026-04-30,C151
T0288,STORE_02,SKU-BREAD-026,3,6.15,2026-04-25,C263
T0289,STORE_02,SKU-BREAD-032,4,3.04,2026-04-25,C267
T0290,STORE_04,SKU-APPLE-045,2,9.08,2026-04-08,C206
T0291,STORE_03,SKU-JUICE-025,1,1.85,2026-04-13,C156
T0292,STORE_02,SKU-APPLE-008,5,9.49,2026-04-24,C286
T0293,STORE_02,SKU-APPLE-040,10,7.93,2026-04-19,C251
T0294,STORE_03,SKU-MILK-017,5,4.27,2026-04-24,C125
T0295,STORE_05,SKU-BREAD-022,1,8.33,2026-04-26,C270
T0296,STORE_01,SKU-BREAD-024,2,1.15,2026-04-13,C163
T0297,STORE_01,SKU-MILK-043,8,3.26,2026-04-11,C101
T0298,STORE_03,SKU-JUICE-005,6,4.23,2026-04-08,C230
T0299,STORE_03,SKU-APPLE-050,6,9.25,2026-04-08,C160
T0300,STORE_05,SKU-APPLE-007,2,4.09,2026-04-15,C112
T0301,STORE_05,SKU-MILK-037,9,1.76,2026-04-10,C167
T0302,STORE_02,SKU-MILK-035,6,5.55,2026-04-29,C118
T0303,STORE_01,SKU-JUICE-040,10,9.4,2026-04-30,C144
T0304,STORE_03,SKU-JUICE-008,2,9.34,2026-04-24,C300
T0305,STORE_05,SKU-BREAD-018,8,1.51,2026-04-29,C273
T0306,STORE_05,SKU-BREAD-037,3,9.64,2026-04-30,C275
T0307,STORE_01,SKU-BREAD-046,4,1.99,2026-04-15,C256
T0308,STORE_02,SKU-APPLE-035,6,4.29,2026-04-28,C142
T0309,STORE_04,SKU-BREAD-044,7,4.34,2026-04-22,C283
T0310,STORE_04,SKU-MILK-003,3,4.43,2026-04-11,C146
T0311,STORE_05,SKU-APPLE-003,9,1.77,2026-04-06,C192
T0312,STORE_03,SKU-APPLE-036,5,3.33,2026-04-14,C264
T0313,STORE_01,SKU-JUICE-002,10,2.16,2026-04-27,C213
T0314,STORE_05,SKU-APPLE-039,1,5.91,2026-04-28,C285
T0315,STORE_02,SKU-MILK-047,1,9.24,2026-04-21,C170
T0316,STORE_03,SKU-JUICE-031,3,4.18,2026-04-16,C284
T0317,STORE_05,SKU-MILK-015,5,9.94,2026-04-21,C257
T0318,STORE_05,SKU-JUICE-012,2,8.88,2026-05-01,C283
T0319,STORE_02,SKU-JUICE-026,3,1.62,2026-04-29,C256
T0320,STORE_05,SKU-MILK-032,3,9.67,2026-04-27,C275
T0321,STORE_05,SKU-JUICE-050,2,3.89,2026-04-13,C236
T0322,STORE_01,SKU-MILK-030,3,5.15,2026-04-22,C274
T0323,STORE_04,SKU-JUICE-002,1,3.08,2026-04-19,C254
T0324,STORE_04,SKU-JUICE-045,8,1.01,2026-04-10,C105
T0325,STORE_05,SKU-JUICE-023,7,8.88,2026-04-11,C198
T0326,STORE_04,SKU-MILK-040,3,3.96,2026-04-15,C245
T0327,STORE_02,SKU-BREAD-028,9,6.39,2026-04-14,C107
T0328,STORE_03,SKU-APPLE-003,2,9.77,2026-04-25,C107
T0329,STORE_01,SKU-MILK-027,4,8.46,2026-05-02,C285
T0330,STORE_05,SKU-MILK-044,1,5.29,2026-04-28,C159
T0331,STORE_04,SKU-JUICE-016,2,5.13,2026-04-14,C117
T0332,STORE_01,SKU-BREAD-046,2,3.73,2026-04-30,C230
T0333,STORE_02,SKU-APPLE-013,6,8.33,2026-05-04,C155
T0334,STORE_03,SKU-MILK-003,7,3.37,2026-04-27,C236
T0335,STORE_03,SKU-BREAD-045,2,9.67,2026-04-21,C111
T0336,STORE_03,SKU-JUICE-009,7,1.29,2026-04-17,C160
T0337,STORE_01,SKU-APPLE-034,8,8.26,2026-04-26,C186
T0338,STORE_01,SKU-BREAD-006,4,4.64,2026-04-08,C279
T0339,STORE_02,SKU-BREAD-014,1,9.0,2026-04-27,C104
T0340,STORE_02,SKU-JUICE-039,5,7.68,2026-05-05,C258
T0341,STORE_05,SKU-JUICE-027,6,4.45,2026-05-04,C219
T0342,STORE_05,SKU-BREAD-032,5,6.52,2026-04-06,C133
T0343,STORE_05,SKU-APPLE-015,5,3.54,2026-04-29,C300
T0344,STORE_05,SKU-BREAD-034,3,6.79,2026-04-06,C144
T0345,STORE_02,SKU-MILK-009,8,4.61,2026-04-27,C282
T0346,STORE_04,SKU-JUICE-029,6,8.61,2026-04-22,C194
T0347,STORE_03,SKU-APPLE-049,10,8.49,2026-04-07,C119
T0348,STORE_03,SKU-JUICE-034,3,6.86,2026-04-10,C195
T0349,STORE_02,SKU-APPLE-004,1,1.42,2026-04-20,C274
T0350,STORE_03,SKU-APPLE-047,4,3.65,2026-05-04,C131
T0351,STORE_05,SKU-APPLE-029,5,8.77,2026-05-04,C244
T0352,STORE_02,SKU-APPLE-010,2,9.89,2026-04-24,C289
T0353,STORE_02,SKU-BREAD-007,9,9.06,2026-04-24,C142
T0354,STORE_05,SKU-APPLE-010,10,7.1,2026-04-11,C293
T0355,STORE_02,SKU-JUICE-021,6,2.2,2026-04-07,C197
T0356,STORE_01,SKU-JUICE-039,3,2.36,2026-04-18,C152
T0357,STORE_03,SKU-JUICE-021,1,7.05,2026-05-03,C130
T0358,STORE_02,SKU-JUICE-037,3,5.1,2026-04-07,C266
T0359,STORE_04,SKU-MILK-011,7,5.55,2026-04-19,C204
T0360,STORE_03,SKU-MILK-026,9,6.97,2026-04-18,C290
T0361,STORE_05,SKU-APPLE-003,4,8.3,2026-04-10,C262
T0362,STORE_01,SKU-MILK-019,2,3.77,2026-04-15,C178
T0363,STORE_05,SKU-APPLE-038,4,5.67,2026-04-10,C224
T0364,STORE_03,SKU-JUICE-040,5,2.49,2026-04-21,C297
T0365,STORE_02,SKU-MILK-035,3,1.11,2026-04-09,C294
T0366,STORE_05,SKU-MILK-034,7,2.2,2026-04-09,C184
T0367,STORE_01,SKU-JUICE-036,3,3.69,2026-04-09,C157
T0368,STORE_03,SKU-BREAD-002,1,6.04,2026-04-22,C197
T0369,STORE_03,SKU-JUICE-009,5,9.17,2026-04-11,C178
T0370,STORE_01,SKU-JUICE-032,5,3.34,2026-04-10,C201
T0371,STORE_02,SKU-MILK-040,10,5.1,2026-04-26,C213
T0372,STORE_01,SKU-MILK-030,3,9.47,2026-04-20,C108
T0373,STORE_05,SKU-APPLE-039,2,3.36,2026-04-16,C139
T0374,STORE_03,SKU-MILK-041,6,3.99,2026-04-11,C269
T0375,STORE_05,SKU-MILK-039,4,7.01,2026-04-30,C198
T0376,STORE_05,SKU-APPLE-011,9,8.28,2026-04-11,C190
T0377,STORE_01,SKU-JUICE-031,8,1.97,2026-04-11,C218
T0378,STORE_02,SKU-JUICE-036,5,7.5,2026-04-17,C111
T0379,STORE_04,SKU-JUICE-028,2,1.46,2026-04-20,C235
T0380,STORE_03,SKU-BREAD-030,10,7.03,2026-04-27,C207
T0381,STORE_05,SKU-JUICE-029,2,9.01,2026-04-28,C268
T0382,STORE_03,SKU-JUICE-027,2,2.18,2026-04-07,C166
T0383,STORE_02,SKU-APPLE-024,10,3.95,2026-04-18,C173
T0384,STORE_01,SKU-MILK-048,9,7.34,2026-04-30,C240
T0385,STORE_02,SKU-MILK-021,2,6.26,2026-04-19,C149
T0386,STORE_01,SKU-APPLE-035,3,6.39,2026-04-27,C111
T0387,STORE_03,SKU-APPLE-017,2,1.84,2026-04-28,C140
T0388,STORE_05,SKU-JUICE-022,8,5.19,2026-05-05,C277
T0389,STORE_04,SKU-BREAD-036,10,9.03,2026-04-27,C153
T0390,STORE_04,SKU-BREAD-018,8,8.79,2026-04-21,C235
T0391,STORE_01,SKU-APPLE-007,3,6.49,2026-04-07,C277
T0392,STORE_01,SKU-BREAD-008,5,6.38,2026-04-25,C182
T0393,STORE_04,SKU-APPLE-040,7,5.84,2026-04-17,C262
T0394,STORE_03,SKU-MILK-030,6,7.11,2026-04-13,C250
T0395,STORE_04,SKU-MILK-034,9,1.29,2026-04-14,C177
T0396,STORE_01,SKU-APPLE-037,9,2.05,2026-04-13,C273
T0397,STORE_05,SKU-MILK-031,8,6.97,2026-04-22,C156
T0398,STORE_03,SKU-BREAD-016,2,4.84,2026-04-24,C291
T0399,STORE_01,SKU-BREAD-035,6,8.88,2026-04-29,C268
T0400,STORE_03,SKU-APPLE-033,9,9.72,2026-04-26,C209
T0401,STORE_04,SKU-JUICE-040,4,6.88,2026-04-19,C251
T0402,STORE_02,SKU-APPLE-047,9,1.48,2026-04-26,C222
T0403,STORE_05,SKU-MILK-036,5,3.01,2026-04-24,C294
T0404,STORE_05,SKU-JUICE-045,9,4.18,2026-04-25,C152
T0405,STORE_01,SKU-APPLE-005,3,6.15,2026-04-15,C284
T0406,STORE_03,SKU-APPLE-004,4,7.82,2026-04-12,C233
T0407,STORE_01,SKU-APPLE-023,9,2.65,2026-05-04,C162
T0408,STORE_01,SKU-JUICE-014,4,4.05,2026-04-27,C154
T0409,STORE_04,SKU-MILK-050,4,4.31,2026-04-22,C176
T0410,STORE_05,SKU-MILK-010,4,8.22,2026-05-05,C158
T0411,STORE_03,SKU-BREAD-025,7,4.38,2026-04-16,C148
T0412,STORE_04,SKU-BREAD-034,10,8.74,2026-04-25,C199
T0413,STORE_02,SKU-JUICE-043,3,8.01,2026-04-18,C150
T0414,STORE_01,SKU-APPLE-046,3,7.45,2026-04-29,C267
T0415,STORE_04,SKU-BREAD-026,3,9.98,2026-04-27,C164
T0416,STORE_05,SKU-BREAD-033,10,4.69,2026-04-15,C178
T0417,STORE_05,SKU-MILK-001,3,5.57,2026-04-18,C165
T0418,STORE_04,SKU-MILK-030,10,2.25,2026-04-13,C230
T0419,STORE_01,SKU-MILK-009,7,9.95,2026-04-25,C227
T0420,STORE_03,SKU-BREAD-050,9,3.22,2026-04-10,C189
T0421,STORE_01,SKU-APPLE-031,2,3.66,2026-04-08,C186
T0422,STORE_03,SKU-MILK-023,10,3.61,2026-04-23,C174
T0423,STORE_04,SKU-APPLE-018,3,1.34,2026-04-17,C136
T0424,STORE_05,SKU-JUICE-029,4,8.31,2026-04-24,C160
T0425,STORE_05,SKU-MILK-013,8,5.14,2026-04-30,C184
T0426,STORE_04,SKU-BREAD-032,1,6.72,2026-04-28,C131
T0427,STORE_03,SKU-BREAD-015,9,8.78,2026-05-01,C188
T0428,STORE_01,SKU-JUICE-047,8,5.13,2026-04-27,C157
T0429,STORE_03,SKU-MILK-032,8,6.6,2026-04-23,C264
T0430,STORE_05,SKU-JUICE-049,7,6.09,2026-04-17,C287
T0431,STORE_05,SKU-MILK-040,4,9.85,2026-04-16,C129
T0432,STORE_03,SKU-MILK-042,6,4.63,2026-04-24,C186
T0433,STORE_01,SKU-BREAD-018,2,7.51,2026-04-16,C290
T0434,STORE_04,SKU-JUICE-045,6,3.45,2026-04-07,C163
T0435,STORE_05,SKU-JUICE-024,10,6.05,2026-04-15,C182
T0436,STORE_04,SKU-APPLE-043,1,3.19,2026-04-09,C120
T0437,STORE_05,SKU-JUICE-017,5,6.76,2026-04-17,C195
T0438,STORE_03,SKU-APPLE-014,3,7.13,2026-04-23,C268
T0439,STORE_01,SKU-JUICE-023,7,8.79,2026-04-19,C284
T0440,STORE_04,SKU-MILK-001,1,1.88,2026-05-03,C198
T0441,STORE_05,SKU-MILK-044,3,8.19,2026-04-06,C258
T0442,STORE_03,SKU-BREAD-012,10,9.0,2026-04-20,C118
T0443,STORE_03,SKU-APPLE-042,6,3.38,2026-05-04,C270
T0444,STORE_02,SKU-BREAD-017,10,8.72,2026-04-07,C299
T0445,STORE_04,SKU-APPLE-050,7,9.23,2026-05-03,C133
T0446,STORE_04,SKU-JUICE-034,6,8.4,2026-04-08,C154
T0447,STORE_04,SKU-APPLE-008,4,4.76,2026-04-26,C227
T0448,STORE_01,SKU-BREAD-028,8,7.34,2026-04-19,C134
T0449,STORE_04,SKU-APPLE-004,6,9.86,2026-04-18,C267
T0450,STORE_03,SKU-BREAD-029,10,5.27,2026-04-12,C237
T0451,STORE_01,SKU-JUICE-033,4,3.33,2026-04-14,C215
T0452,STORE_04,SKU-MILK-039,7,5.67,2026-04-24,C125
T0453,STORE_03,SKU-MILK-001,2,8.04,2026-04-24,C297
T0454,STORE_03,SKU-APPLE-029,9,2.88,2026-04-18,C158
T0455,STORE_04,SKU-MILK-017,3,2.22,2026-04-09,C124
T0456,STORE_04,SKU-APPLE-019,9,1.91,2026-04-16,C243
T0457,STORE_02,SKU-JUICE-030,10,3.82,2026-05-04,C281
T0458,STORE_04,SKU-MILK-021,1,4.99,2026-05-01,C107
T0459,STORE_03,SKU-JUICE-023,5,4.27,2026-04-09,C257
T0460,STORE_03,SKU-BREAD-041,4,1.75,2026-05-04,C119
T0461,STORE_01,SKU-MILK-020,10,8.18,2026-04-14,C133
T0462,STORE_02,SKU-BREAD-013,9,4.71,2026-04-28,C283
T0463,STORE_03,SKU-BREAD-029,2,6.22,2026-04-10,C122
T0464,STORE_01,SKU-BREAD-012,7,6.64,2026-04-08,C174
T0465,STORE_02,SKU-MILK-015,1,7.73,2026-05-03,C123
T0466,STORE_02,SKU-APPLE-035,9,8.58,2026-04-30,C186
T0467,STORE_03,SKU-JUICE-025,9,2.56,2026-04-07,C274
T0468,STORE_03,SKU-BREAD-043,7,8.47,2026-04-16,C136
T0469,STORE_02,SKU-BREAD-026,4,6.64,2026-04-25,C196
T0470,STORE_03,SKU-JUICE-014,8,9.52,2026-04-14,C145
T0471,STORE_04,SKU-APPLE-035,4,3.23,2026-04-20,C195
T0472,STORE_02,SKU-JUICE-046,4,7.33,2026-04-13,C275
T0473,STORE_05,SKU-JUICE-002,2,6.5,2026-04-07,C182
T0474,STORE_02,SKU-APPLE-001,9,4.82,2026-05-01,C100
T0475,STORE_01,SKU-APPLE-013,7,2.3,2026-04-18,C124
T0476,STORE_05,SKU-APPLE-048,4,5.2,2026-04-21,C268
T0477,STORE_02,SKU-MILK-039,1,1.04,2026-04-26,C204
T0478,STORE_05,SKU-APPLE-035,3,3.33,2026-04-26,C239
T0479,STORE_03,SKU-MILK-009,3,9.82,2026-05-01,C170
T0480,STORE_01,SKU-BREAD-030,5,9.75,2026-05-05,C148
T0481,STORE_03,SKU-APPLE-038,1,3.84,2026-05-02,C238
T0482,STORE_05,SKU-APPLE-018,3,6.28,2026-04-08,C125
T0483,STORE_05,SKU-JUICE-050,9,6.51,2026-04-08,C176
T0484,STORE_02,SKU-BREAD-027,10,9.98,2026-04-23,C131
T0485,STORE_02,SKU-BREAD-014,5,2.23,2026-04-16,C130
T0486,STORE_03,SKU-APPLE-012,10,3.81,2026-04-27,C217
T0487,STORE_03,SKU-APPLE-007,10,5.2,2026-04-20,C190
T0488,STORE_04,SKU-MILK-039,2,8.35,2026-04-26,C268
T0489,STORE_01,SKU-MILK-002,2,3.98,2026-05-01,C245
T0490,STORE_03,SKU-MILK-011,4,3.33,2026-04-27,C199
T0491,STORE_01,SKU-MILK-008,10,9.21,2026-04-13,C150
T0492,STORE_03,SKU-BREAD-049,1,6.15,2026-04-30,C248
T0493,STORE_03,SKU-APPLE-050,8,3.66,2026-04-11,C226
T0494,STORE_01,SKU-MILK-036,2,3.56,2026-04-25,C293
T0495,STORE_01,SKU-MILK-018,6,8.54,2026-04-28,C114
T0496,STORE_01,SKU-JUICE-042,8,7.03,2026-04-11,C269
T0497,STORE_04,SKU-BREAD-043,10,8.91,2026-04-21,C240
T0498,STORE_01,SKU-JUICE-029,2,5.04,2026-04-11,C102
T0499,STORE_02,SKU-BREAD-010,10,1.99,2026-04-19,C122
T0500,STORE_02,SKU-JUICE-021,10,7.7,2026-04-23,C204
T0501,STORE_02,SKU-JUICE-034,3,7.26,2026-04-08,C283
T0502,STORE_01,SKU-APPLE-038,2,1.17,2026-04-10,C121
T0503,STORE_01,SKU-APPLE-040,6,9.74,2026-04-08,C165
T0504,STORE_05,SKU-MILK-026,6,8.87,2026-04-18,C151
T0505,STORE_01,SKU-BREAD-043,7,7.49,2026-04-06,C285
T0506,STORE_02,SKU-BREAD-021,2,5.34,2026-04-14,C203
T0507,STORE_01,SKU-MILK-015,8,6.22,2026-04-18,C300
T0508,STORE_02,SKU-APPLE-034,2,9.82,2026-04-17,C240
T0509,STORE_03,SKU-MILK-024,7,1.79,2026-04-06,C134
T0510,STORE_05,SKU-JUICE-007,4,4.05,2026-04-26,C104
T0511,STORE_04,SKU-MILK-048,3,6.15,2026-04-24,C219
T0512,STORE_03,SKU-APPLE-010,5,7.5,2026-04-30,C149
T0513,STORE_02,SKU-APPLE-011,5,2.73,2026-04-22,C263
T0514,STORE_05,SKU-MILK-019,9,4.38,2026-05-04,C236
T0515,STORE_02,SKU-JUICE-048,6,1.79,2026-05-03,C198
T0516,STORE_05,SKU-JUICE-037,3,2.53,2026-04-14,C283
T0517,STORE_02,SKU-MILK-016,1,4.41,2026-04-07,C179
T0518,STORE_04,SKU-MILK-044,6,4.44,2026-04-30,C250
T0519,STORE_04,SKU-BREAD-025,1,1.39,2026-04-18,C137
T0520,STORE_02,SKU-MILK-012,4,8.41,2026-05-02,C229
T0521,STORE_01,SKU-APPLE-027,7,6.26,2026-05-02,C225
T0522,STORE_03,SKU-APPLE-045,1,8.49,2026-04-13,C230
T0523,STORE_03,SKU-JUICE-008,4,8.88,2026-04-09,C206
T0524,STORE_01,SKU-BREAD-021,9,7.58,2026-04-15,C154
T0525,STORE_04,SKU-JUICE-020,2,9.15,2026-04-25,C188
T0526,STORE_05,SKU-JUICE-025,7,9.66,2026-04-21,C156
T0527,STORE_03,SKU-JUICE-042,4,7.82,2026-04-08,C156
T0528,STORE_01,SKU-MILK-043,3,2.32,2026-04-19,C225
T0529,STORE_04,SKU-BREAD-039,3,4.99,2026-04-21,C256
T0530,STORE_02,SKU-JUICE-028,10,5.53,2026-04-12,C216
T0531,STORE_05,SKU-APPLE-042,1,7.81,2026-04-23,C110
T0532,STORE_05,SKU-MILK-023,5,9.96,2026-04-29,C181
T0533,STORE_01,SKU-BREAD-005,3,3.28,2026-04-20,C262
T0534,STORE_02,SKU-BREAD-014,4,9.32,2026-04-09,C149
T0535,STORE_01,SKU-JUICE-016,8,9.2,2026-04-29,C175
T0536,STORE_03,SKU-JUICE-004,10,8.24,2026-04-13,C212
T0537,STORE_04,SKU-BREAD-027,10,3.86,2026-04-12,C141
T0538,STORE_05,SKU-MILK-046,4,9.55,2026-04-28,C112
T0539,STORE_05,SKU-JUICE-048,1,4.3,2026-04-07,C290
T0540,STORE_02,SKU-APPLE-013,5,8.35,2026-04-29,C292
T0541,STORE_05,SKU-BREAD-016,9,4.48,2026-04-10,C220
T0542,STORE_01,SKU-JUICE-043,8,6.48,2026-04-29,C274
T0543,STORE_03,SKU-APPLE-044,9,2.54,2026-04-16,C287
T0544,STORE_03,SKU-BREAD-010,9,9.11,2026-04-10,C292
T0545,STORE_05,SKU-BREAD-026,7,3.27,2026-05-02,C237
T0546,STORE_01,SKU-JUICE-018,8,1.91,2026-04-18,C200
T0547,STORE_03,SKU-APPLE-017,4,6.9,2026-04-27,C251
T0548,STORE_04,SKU-JUICE-004,4,8.42,2026-05-05,C261
T0549,STORE_05,SKU-BREAD-044,10,4.35,2026-05-02,C212
T0550,STORE_01,SKU-JUICE-007,5,6.35,2026-04-23,C125
T0551,STORE_02,SKU-BREAD-033,3,3.19,2026-04-10,C152
T0552,STORE_01,SKU-BREAD-018,9,5.34,2026-04-29,C249
T0553,STORE_02,SKU-APPLE-004,6,6.52,2026-04-12,C155
T0554,STORE_04,SKU-MILK-039,9,8.98,2026-04-13,C145
T0555,STORE_05,SKU-JUICE-010,9,9.94,2026-05-05,C199
T0556,STORE_03,SKU-MILK-013,4,9.34,2026-04-27,C235
T0557,STORE_02,SKU-MILK-019,10,5.85,2026-04-07,C294
T0558,STORE_03,SKU-MILK-044,10,8.24,2026-04-22,C271
T0559,STORE_01,SKU-MILK-020,5,9.31,2026-05-04,C101
T0560,STORE_03,SKU-APPLE-002,6,5.62,2026-04-18,C231
T0561,STORE_04,SKU-APPLE-021,5,3.26,2026-04-14,C193
T0562,STORE_02,SKU-APPLE-004,7,2.08,2026-05-03,C276
T0563,STORE_03,SKU-APPLE-010,6,2.54,2026-04-22,C227
T0564,STORE_05,SKU-MILK-049,2,3.7,2026-04-29,C199
T0565,STORE_04,SKU-APPLE-002,5,4.93,2026-05-02,C272
T0566,STORE_02,SKU-MILK-050,10,7.22,2026-04-13,C283
T0567,STORE_04,SKU-MILK-040,8,1.97,2026-04-27,C141
T0568,STORE_01,SKU-APPLE-009,10,1.58,2026-04-21,C171
T0569,STORE_03,SKU-BREAD-004,3,3.66,2026-04-16,C165
T0570,STORE_01,SKU-BREAD-035,5,1.25,2026-04-10,C149
T0571,STORE_04,SKU-APPLE-045,10,6.69,2026-04-16,C229
T0572,STORE_01,SKU-BREAD-006,1,8.53,2026-04-10,C175
T0573,STORE_01,SKU-BREAD-014,5,7.42,2026-04-08,C284
T0574,STORE_04,SKU-APPLE-016,8,7.4,2026-04-18,C184
T0575,STORE_04,SKU-APPLE-007,1,8.42,2026-04-26,C109
T0576,STORE_03,SKU-APPLE-044,10,1.36,2026-05-05,C296
T0577,STORE_03,SKU-JUICE-046,2,8.09,2026-04-20,C219
T0578,STORE_04,SKU-APPLE-015,3,9.69,2026-04-26,C182
T0579,STORE_01,SKU-JUICE-006,6,9.84,2026-05-03,C290
T0580,STORE_05,SKU-APPLE-037,6,3.75,2026-04-12,C126
T0581,STORE_04,SKU-MILK-049,6,3.6,2026-04-15,C134
T0582,STORE_02,SKU-MILK-024,10,5.8,2026-04-29,C170
T0583,STORE_02,SKU-MILK-047,1,3.35,2026-04-19,C160
T0584,STORE_02,SKU-MILK-038,5,8.52,2026-04-26,C189
T0585,STORE_04,SKU-APPLE-044,10,4.46,2026-04-23,C200
T0586,STORE_03,SKU-APPLE-031,6,1.31,2026-05-05,C107
T0587,STORE_04,SKU-JUICE-044,3,4.25,2026-05-03,C177
T0588,STORE_02,SKU-APPLE-018,10,4.91,2026-04-23,C171
T0589,STORE_05,SKU-JUICE-019,2,9.49,2026-04-14,C144
T0590,STORE_01,SKU-BREAD-009,10,5.68,2026-04-25,C156
T0591,STORE_04,SKU-MILK-021,2,9.49,2026-04-30,C227
T0592,STORE_02,SKU-JUICE-002,9,4.31,2026-04-28,C298
T0593,STORE_03,SKU-APPLE-039,4,8.11,2026-04-26,C115
T0594,STORE_01,SKU-APPLE-040,6,7.17,2026-05-05,C278
T0595,STORE_02,SKU-BREAD-047,1,8.15,2026-05-05,C172
T0596,STORE_02,SKU-APPLE-043,6,2.35,2026-04-27,C194
T0597,STORE_05,SKU-MILK-009,2,7.27,2026-04-24,C246
T0598,STORE_05,SKU-BREAD-026,8,1.62,2026-04-28,C260
T0599,STORE_02,SKU-MILK-036,2,6.19,2026-04-19,C168
T0600,STORE_05,SKU-JUICE-002,5,9.58,2026-04-10,C122
T0601,STORE_05,SKU-JUICE-026,2,2.18,2026-04-15,C294
T0602,STORE_04,SKU-MILK-027,8,9.3,2026-04-06,C115
T0603,STORE_05,SKU-JUICE-004,2,9.7,2026-04-16,C231
T0604,STORE_02,SKU-JUICE-015,2,5.51,2026-04-24,C163
T0605,STORE_04,SKU-BREAD-001,5,2.15,2026-04-23,C231
T0606,STORE_01,SKU-BREAD-047,7,8.46,2026-05-03,C243
T0607,STORE_04,SKU-MILK-031,9,4.94,2026-05-03,C208
T0608,STORE_03,SKU-BREAD-006,7,1.24,2026-04-30,C173
T0609,STORE_05,SKU-MILK-002,9,3.06,2026-04-11,C140
T0610,STORE_02,SKU-MILK-040,8,8.72,2026-04-24,C187
T0611,STORE_05,SKU-JUICE-031,9,7.2,2026-04-11,C281
T0612,STORE_01,SKU-BREAD-035,5,4.95,2026-05-04,C211
T0613,STORE_02,SKU-JUICE-013,7,1.58,2026-04-07,C298
T0614,STORE_02,SKU-MILK-035,9,1.85,2026-05-04,C168
T0615,STORE_03,SKU-BREAD-010,3,9.36,2026-04-17,C104
T0616,STORE_05,SKU-MILK-021,2,6.24,2026-04-25,C157
T0617,STORE_05,SKU-MILK-028,1,8.77,2026-04-21,C159
T0618,STORE_03,SKU-MILK-043,9,1.35,2026-04-25,C281
T0619,STORE_01,SKU-APPLE-003,4,4.84,2026-04-13,C185
T0620,STORE_01,SKU-JUICE-028,4,7.24,2026-05-04,C269
T0621,STORE_04,SKU-MILK-022,4,6.15,2026-04-11,C138
T0622,STORE_04,SKU-MILK-050,9,7.34,2026-04-27,C165
T0623,STORE_04,SKU-APPLE-011,1,1.53,2026-04-13,C254
T0624,STORE_04,SKU-BREAD-035,1,8.34,2026-04-16,C209
T0625,STORE_01,SKU-MILK-045,7,2.96,2026-04-11,C159
T0626,STORE_04,SKU-JUICE-039,9,5.57,2026-04-18,C185
T0627,STORE_04,SKU-JUICE-032,1,4.84,2026-04-23,C137
T0628,STORE_04,SKU-APPLE-035,7,7.18,2026-04-29,C252
T0629,STORE_02,SKU-JUICE-046,3,3.17,2026-04-26,C246
T0630,STORE_03,SKU-APPLE-016,4,3.48,2026-04-20,C234
T0631,STORE_02,SKU-JUICE-046,8,2.12,2026-04-29,C145
T0632,STORE_02,SKU-JUICE-009,2,8.54,2026-04-16,C207
T0633,STORE_02,SKU-MILK-047,5,8.79,2026-05-04,C149
T0634,STORE_05,SKU-MILK-032,7,9.87,2026-04-27,C240
T0635,STORE_05,SKU-MILK-041,9,3.61,2026-04-12,C237
T0636,STORE_03,SKU-MILK-036,3,9.04,2026-04-20,C172
T0637,STORE_05,SKU-MILK-006,8,6.2,2026-04-14,C159
T0638,STORE_02,SKU-APPLE-006,10,7.53,2026-04-12,C196
T0639,STORE_03,SKU-MILK-043,2,6.23,2026-04-18,C173
T0640,STORE_02,SKU-BREAD-012,5,4.04,2026-04-29,C233
T0641,STORE_03,SKU-APPLE-034,2,1.68,2026-04-27,C130
T0642,STORE_04,SKU-BREAD-031,7,9.9,2026-04-25,C224
T0643,STORE_05,SKU-BREAD-012,4,1.5,2026-04-30,C102
T0644,STORE_04,SKU-JUICE-018,9,7.92,2026-04-18,C115
T0645,STORE_05,SKU-MILK-040,6,9.63,2026-04-19,C136
T0646,STORE_05,SKU-JUICE-037,1,8.56,2026-05-04,C280
T0647,STORE_01,SKU-JUICE-034,5,4.27,2026-04-07,C214
T0648,STORE_01,SKU-JUICE-032,8,3.98,2026-04-28,C190
T0649,STORE_02,SKU-JUICE-043,7,2.14,2026-05-03,C136
T0650,STORE_05,SKU-MILK-046,1,2.9,2026-04-09,C163
T0651,STORE_02,SKU-JUICE-024,3,8.5,2026-04-16,C236
T0652,STORE_01,SKU-JUICE-033,3,5.52,2026-04-14,C231
T0653,STORE_05,SKU-APPLE-042,8,2.72,2026-04-13,C154
T0654,STORE_04,SKU-APPLE-045,6,1.91,2026-05-01,C246
T0655,STORE_01,SKU-JUICE-045,9,3.97,2026-04-07,C146
T0656,STORE_03,SKU-MILK-008,2,2.5,2026-04-10,C193
T0657,STORE_04,SKU-BREAD-004,9,6.65,2026-04-29,C252
T0658,STORE_02,SKU-BREAD-046,8,6.39,2026-04-22,C259
T0659,STORE_01,SKU-APPLE-010,7,9.69,2026-04-10,C165
T0660,STORE_01,SKU-BREAD-017,6,6.78,2026-05-02,C230
T0661,STORE_05,SKU-JUICE-041,3,4.42,2026-05-02,C153
T0662,STORE_01,SKU-BREAD-014,1,3.92,2026-04-17,C209
T0663,STORE_05,SKU-APPLE-009,7,5.18,2026-04-22,C207
T0664,STORE_02,SKU-MILK-019,3,9.15,2026-04-26,C157
T0665,STORE_01,SKU-BREAD-028,7,4.75,2026-04-14,C282
T0666,STORE_02,SKU-MILK-048,5,8.55,2026-04-20,C123
T0667,STORE_01,SKU-JUICE-023,5,5.92,2026-04-15,C174
T0668,STORE_05,SKU-BREAD-022,1,9.1,2026-04-24,C279
T0669,STORE_05,SKU-BREAD-025,10,2.57,2026-04-25,C268
T0670,STORE_03,SKU-JUICE-005,3,9.42,2026-04-29,C136
T0671,STORE_03,SKU-JUICE-027,4,8.01,2026-04-29,C227
T0672,STORE_02,SKU-BREAD-002,7,9.32,2026-05-04,C278
T0673,STORE_04,SKU-JUICE-030,5,4.2,2026-04-14,C137
T0674,STORE_01,SKU-APPLE-019,8,3.5,2026-04-12,C182
T0675,STORE_03,SKU-APPLE-029,1,6.93,2026-04-29,C118
T0676,STORE_02,SKU-APPLE-010,7,9.01,2026-04-14,C213
T0677,STORE_04,SKU-BREAD-007,3,6.5,2026-05-01,C203
T0678,STORE_01,SKU-MILK-028,10,1.98,2026-05-04,C119
T0679,STORE_02,SKU-BREAD-019,7,7.19,2026-04-26,C198
T0680,STORE_04,SKU-JUICE-034,5,8.52,2026-04-29,C113
T0681,STORE_03,SKU-APPLE-049,9,9.11,2026-04-07,C242
T0682,STORE_04,SKU-JUICE-019,1,6.93,2026-04-23,C300
T0683,STORE_01,SKU-MILK-006,7,3.28,2026-05-02,C261
T0684,STORE_05,SKU-MILK-037,2,4.02,2026-04-25,C231
T0685,STORE_05,SKU-APPLE-030,6,5.22,2026-04-17,C217
T0686,STORE_05,SKU-JUICE-046,9,3.97,2026-05-01,C211
T0687,STORE_02,SKU-MILK-036,10,5.98,2026-04-14,C259
T0688,STORE_02,SKU-BREAD-049,10,9.98,2026-04-09,C110
T0689,STORE_04,SKU-JUICE-040,6,4.54,2026-04-08,C137
T0690,STORE_03,SKU-MILK-047,1,4.76,2026-05-01,C275
T0691,STORE_01,SKU-JUICE-042,9,8.71,2026-04-10,C169
T0692,STORE_02,SKU-JUICE-003,3,4.88,2026-04-10,C256
T0693,STORE_02,SKU-MILK-046,4,4.67,2026-04-15,C140
T0694,STORE_04,SKU-JUICE-019,6,5.78,2026-05-02,C201
T0695,STORE_04,SKU-APPLE-050,5,1.75,2026-04-18,C149
T0696,STORE_04,SKU-APPLE-019,7,2.68,2026-04-29,C212
T0697,STORE_04,SKU-APPLE-034,4,8.22,2026-04-29,C235
T0698,STORE_03,SKU-BREAD-035,9,5.19,2026-04-25,C211
T0699,STORE_04,SKU-MILK-009,2,2.18,2026-04-27,C178
T0700,STORE_04,SKU-MILK-038,8,9.01,2026-04-30,C131
T0701,STORE_04,SKU-MILK-036,3,6.22,2026-04-23,C285
T0702,STORE_02,SKU-JUICE-010,5,5.77,2026-04-30,C265
T0703,STORE_03,SKU-APPLE-022,5,2.93,2026-04-15,C237
T0704,STORE_05,SKU-JUICE-032,3,8.4,2026-04-20,C232
T0705,STORE_02,SKU-APPLE-040,8,2.49,2026-04-06,C136
T0706,STORE_03,SKU-BREAD-008,8,9.73,2026-04-27,C151
T0707,STORE_02,SKU-APPLE-040,9,9.07,2026-04-29,C209
T0708,STORE_04,SKU-JUICE-001,8,1.57,2026-04-09,C116
T0709,STORE_02,SKU-APPLE-029,9,4.28,2026-04-09,C205
T0710,STORE_01,SKU-JUICE-009,8,2.42,2026-04-11,C243
T0711,STORE_05,SKU-MILK-012,4,3.03,2026-04-15,C172
T0712,STORE_01,SKU-BREAD-042,6,1.61,2026-04-18,C172
T0713,STORE_05,SKU-JUICE-029,10,6.29,2026-04-07,C294
T0714,STORE_01,SKU-BREAD-049,1,6.54,2026-04-28,C152
T0715,STORE_01,SKU-JUICE-005,5,2.8,2026-04-23,C107
T0716,STORE_05,SKU-BREAD-044,3,4.37,2026-05-01,C244
T0717,STORE_05,SKU-BREAD-006,10,3.13,2026-04-20,C156
T0718,STORE_02,SKU-APPLE-046,5,7.14,2026-04-11,C233
T0719,STORE_04,SKU-JUICE-032,8,2.49,2026-04-29,C210
T0720,STORE_03,SKU-JUICE-014,4,1.02,2026-04-18,C212
T0721,STORE_04,SKU-MILK-005,6,1.46,2026-04-10,C227
T0722,STORE_02,SKU-MILK-025,5,2.56,2026-04-18,C243
T0723,STORE_04,SKU-JUICE-005,10,3.67,2026-04-29,C197
T0724,STORE_01,SKU-JUICE-040,6,6.27,2026-04-19,C125
T0725,STORE_03,SKU-JUICE-035,6,7.66,2026-04-20,C246
T0726,STORE_03,SKU-MILK-007,6,1.3,2026-04-16,C145
T0727,STORE_03,SKU-APPLE-019,6,1.52,2026-04-27,C103
T0728,STORE_01,SKU-BREAD-043,5,1.91,2026-05-03,C270
T0729,STORE_02,SKU-MILK-004,3,2.19,2026-04-30,C130
T0730,STORE_01,SKU-APPLE-038,10,5.94,2026-05-05,C127
T0731,STORE_01,SKU-MILK-046,2,7.04,2026-04-11,C108
T0732,STORE_02,SKU-MILK-046,10,3.94,2026-04-12,C286
T0733,STORE_02,SKU-MILK-044,8,4.44,2026-04-21,C100
T0734,STORE_05,SKU-JUICE-035,6,1.71,2026-04-14,C212
T0735,STORE_01,SKU-MILK-016,3,5.46,2026-04-27,C206
T0736,STORE_01,SKU-MILK-047,1,5.29,2026-05-05,C105
T0737,STORE_02,SKU-JUICE-043,5,8.04,2026-04-14,C197
T0738,STORE_05,SKU-JUICE-019,3,3.52,2026-04-06,C209
T0739,STORE_02,SKU-MILK-005,4,1.27,2026-04-13,C108
T0740,STORE_04,SKU-BREAD-047,8,4.47,2026-04-24,C144
T0741,STORE_05,SKU-MILK-008,1,5.13,2026-04-18,C152
T0742,STORE_02,SKU-BREAD-021,3,4.39,2026-04-17,C300
T0743,STORE_05,SKU-MILK-018,2,2.28,2026-05-03,C292
T0744,STORE_01,SKU-JUICE-030,8,5.88,2026-04-28,C294
T0745,STORE_02,SKU-MILK-018,3,9.1,2026-04-11,C261
T0746,STORE_03,SKU-JUICE-010,3,9.93,2026-04-14,C246
T0747,STORE_01,SKU-JUICE-003,8,3.35,2026-04-24,C199
T0748,STORE_02,SKU-APPLE-039,5,2.27,2026-04-07,C275
T0749,STORE_05,SKU-BREAD-015,7,8.01,2026-04-06,C268
T0750,STORE_05,SKU-BREAD-001,2,8.4,2026-05-05,C154
T0751,STORE_04,SKU-BREAD-001,6,4.13,2026-04-23,C142
T0752,STORE_02,SKU-JUICE-005,6,1.88,2026-05-05,C284
T0753,STORE_04,SKU-BREAD-008,7,5.81,2026-05-04,C288
T0754,STORE_05,SKU-JUICE-003,9,4.05,2026-04-20,C274
T0755,STORE_02,SKU-JUICE-012,9,7.97,2026-04-14,C191
T0756,STORE_01,SKU-MILK-031,5,9.22,2026-05-03,C108
T0757,STORE_01,SKU-BREAD-044,3,5.96,2026-04-25,C148
T0758,STORE_01,SKU-APPLE-023,3,5.68,2026-04-15,C155
T0759,STORE_05,SKU-BREAD-046,1,5.52,2026-04-30,C270
T0760,STORE_02,SKU-JUICE-024,3,1.28,2026-04-26,C224
T0761,STORE_02,SKU-MILK-043,7,7.74,2026-04-19,C119
T0762,STORE_03,SKU-BREAD-018,2,5.99,2026-04-21,C142
T0763,STORE_01,SKU-JUICE-033,5,1.94,2026-04-11,C116
T0764,STORE_05,SKU-APPLE-003,9,4.94,2026-04-21,C189
T0765,STORE_04,SKU-MILK-032,2,5.51,2026-04-10,C280
T0766,STORE_04,SKU-BREAD-039,5,5.58,2026-04-15,C277
T0767,STORE_02,SKU-JUICE-014,9,1.24,2026-04-28,C112
T0768,STORE_03,SKU-APPLE-042,2,2.38,2026-04-13,C298
T0769,STORE_02,SKU-BREAD-016,6,6.14,2026-04-15,C231
T0770,STORE_02,SKU-JUICE-017,4,1.06,2026-04-19,C218
T0771,STORE_04,SKU-APPLE-033,9,7.16,2026-04-30,C112
T0772,STORE_02,SKU-JUICE-046,5,1.94,2026-04-27,C236
T0773,STORE_03,SKU-JUICE-038,4,6.76,2026-04-20,C233
T0774,STORE_03,SKU-JUICE-012,2,9.56,2026-04-27,C248
T0775,STORE_05,SKU-BREAD-035,2,8.75,2026-04-26,C257
T0776,STORE_05,SKU-JUICE-033,8,9.35,2026-04-23,C209
T0777,STORE_04,SKU-BREAD-027,8,4.61,2026-04-22,C265
T0778,STORE_01,SKU-MILK-031,10,3.46,2026-04-17,C247
T0779,STORE_05,SKU-APPLE-028,7,6.23,2026-04-14,C134
T0780,STORE_04,SKU-APPLE-039,1,6.24,2026-04-24,C255
T0781,STORE_02,SKU-MILK-020,9,4.69,2026-05-05,C137
T0782,STORE_01,SKU-MILK-017,5,7.53,2026-04-15,C203
T0783,STORE_02,SKU-BREAD-026,5,5.65,2026-04-08,C236
T0784,STORE_05,SKU-BREAD-009,6,5.99,2026-04-16,C282
T0785,STORE_04,SKU-BREAD-043,6,4.03,2026-04-18,C198
T0786,STORE_02,SKU-APPLE-016,10,3.0,2026-04-11,C268
T0787,STORE_02,SKU-MILK-022,3,2.75,2026-04-09,C153
T0788,STORE_04,SKU-BREAD-023,3,1.02,2026-04-30,C103
T0789,STORE_03,SKU-MILK-046,5,4.8,2026-04-26,C259
T0790,STORE_02,SKU-APPLE-019,2,1.79,2026-04-17,C188
T0791,STORE_01,SKU-MILK-045,1,9.83,2026-04-07,C216
T0792,STORE_05,SKU-JUICE-044,1,8.28,2026-04-13,C280
T0793,STORE_05,SKU-APPLE-007,6,4.31,2026-04-09,C105
T0794,STORE_02,SKU-APPLE-034,8,9.19,2026-05-05,C266
T0795,STORE_04,SKU-APPLE-033,9,7.92,2026-04-28,C256
T0796,STORE_05,SKU-MILK-030,2,9.87,2026-04-14,C247
T0797,STORE_04,SKU-APPLE-011,4,9.58,2026-05-01,C108
T0798,STORE_05,SKU-APPLE-043,1,5.47,2026-05-02,C252
T0799,STORE_04,SKU-MILK-002,8,5.72,2026-04-12,C148
T0800,STORE_01,SKU-APPLE-014,7,9.67,2026-04-24,C144
T0801,STORE_04,SKU-MILK-021,7,3.63,2026-04-18,C274
T0802,STORE_05,SKU-JUICE-016,1,5.6,2026-04-26,C213
T0803,STORE_03,SKU-JUICE-017,5,3.65,2026-04-23,C233
T0804,STORE_05,SKU-APPLE-004,2,7.41,2026-04-25,C285
T0805,STORE_03,SKU-JUICE-045,8,3.87,2026-04-22,C196
T0806,STORE_05,SKU-APPLE-021,6,3.15,2026-04-15,C171
T0807,STORE_05,SKU-BREAD-006,8,9.02,2026-04-29,C225
T0808,STORE_01,SKU-MILK-049,8,8.73,2026-04-24,C204
T0809,STORE_01,SKU-JUICE-033,4,1.16,2026-04-27,C169
T0810,STORE_01,SKU-BREAD-033,8,8.95,2026-04-07,C258
T0811,STORE_03,SKU-APPLE-011,10,3.04,2026-04-19,C204
T0812,STORE_01,SKU-BREAD-038,5,8.55,2026-04-15,C274
T0813,STORE_01,SKU-APPLE-029,3,7.58,2026-04-27,C250
T0814,STORE_05,SKU-APPLE-032,10,6.02,2026-04-10,C106
T0815,STORE_03,SKU-APPLE-040,1,5.9,2026-04-19,C287
T0816,STORE_01,SKU-BREAD-005,2,9.4,2026-04-10,C182
T0817,STORE_03,SKU-BREAD-048,2,6.08,2026-05-02,C256
T0818,STORE_01,SKU-JUICE-039,3,6.47,2026-04-06,C266
T0819,STORE_04,SKU-APPLE-005,9,6.19,2026-04-28,C110
T0820,STORE_01,SKU-MILK-015,10,3.28,2026-05-01,C227
T0821,STORE_03,SKU-JUICE-007,6,1.12,2026-04-29,C298
T0822,STORE_03,SKU-BREAD-009,7,3.73,2026-04-29,C161
T0823,STORE_03,SKU-BREAD-022,3,7.34,2026-04-08,C222
T0824,STORE_03,SKU-BREAD-002,2,1.5,2026-04-28,C181
T0825,STORE_03,SKU-BREAD-032,2,2.19,2026-04-18,C179
T0826,STORE_01,SKU-BREAD-013,1,9.22,2026-05-02,C152
T0827,STORE_04,SKU-BREAD-028,5,4.0,2026-04-06,C293
T0828,STORE_03,SKU-APPLE-018,3,8.89,2026-04-26,C200
T0829,STORE_04,SKU-BREAD-035,8,5.11,2026-05-02,C236
T0830,STORE_05,SKU-BREAD-049,1,1.97,2026-04-11,C295
T0831,STORE_02,SKU-MILK-048,5,3.79,2026-04-19,C260
T0832,STORE_03,SKU-JUICE-037,2,4.96,2026-04-19,C153
T0833,STORE_04,SKU-MILK-029,7,7.62,2026-04-21,C167
T0834,STORE_02,SKU-BREAD-004,6,9.76,2026-05-01,C105
T0835,STORE_05,SKU-BREAD-003,8,8.34,2026-04-14,C143
T0836,STORE_04,SKU-JUICE-049,3,4.22,2026-04-23,C217
T0837,STORE_05,SKU-APPLE-008,10,1.39,2026-05-01,C197
T0838,STORE_03,SKU-MILK-044,7,7.93,2026-04-26,C206
T0839,STORE_05,SKU-BREAD-019,8,4.48,2026-04-11,C177
T0840,STORE_03,SKU-BREAD-016,6,1.46,2026-04-19,C126
T0841,STORE_04,SKU-APPLE-042,5,2.45,2026-04-21,C199
T0842,STORE_01,SKU-MILK-019,6,5.94,2026-04-25,C222
T0843,STORE_04,SKU-MILK-011,9,9.61,2026-04-15,C108
T0844,STORE_01,SKU-APPLE-038,10,4.98,2026-04-21,C152
T0845,STORE_04,SKU-JUICE-050,10,3.9,2026-04-12,C266
T0846,STORE_05,SKU-APPLE-041,6,4.99,2026-04-08,C148
T0847,STORE_05,SKU-APPLE-024,7,4.39,2026-04-19,C276
T0848,STORE_02,SKU-BREAD-029,10,6.44,2026-04-12,C110
T0849,STORE_05,SKU-BREAD-031,5,2.38,2026-04-06,C147
T0850,STORE_03,SKU-JUICE-049,5,1.79,2026-04-13,C271
T0851,STORE_03,SKU-APPLE-024,8,9.47,2026-04-27,C260
T0852,STORE_03,SKU-BREAD-001,10,2.15,2026-04-17,C186
T0853,STORE_04,SKU-BREAD-022,8,2.64,2026-04-30,C100
T0854,STORE_04,SKU-MILK-027,9,3.26,2026-05-04,C162
T0855,STORE_04,SKU-BREAD-049,4,3.59,2026-04-08,C179
T0856,STORE_05,SKU-JUICE-029,8,4.6,2026-04-28,C211
T0857,STORE_05,SKU-JUICE-017,1,8.4,2026-04-16,C297
T0858,STORE_03,SKU-BREAD-023,1,6.5,2026-05-04,C156
T0859,STORE_04,SKU-JUICE-009,8,4.42,2026-05-05,C189
T0860,STORE_05,SKU-MILK-008,2,7.71,2026-04-11,C256
T0861,STORE_03,SKU-APPLE-018,9,1.5,2026-04-25,C276
T0862,STORE_02,SKU-BREAD-044,10,8.26,2026-04-21,C251
T0863,STORE_04,SKU-JUICE-040,10,2.54,2026-04-12,C264
T0864,STORE_02,SKU-BREAD-004,8,8.75,2026-04-25,C117
T0865,STORE_05,SKU-BREAD-028,4,8.96,2026-04-30,C157
T0866,STORE_05,SKU-MILK-009,5,9.9,2026-05-04,C283
T0867,STORE_03,SKU-BREAD-047,6,8.38,2026-05-03,C282
T0868,STORE_02,SKU-APPLE-022,3,2.69,2026-04-25,C226
T0869,STORE_02,SKU-BREAD-008,7,3.11,2026-04-21,C228
T0870,STORE_01,SKU-JUICE-033,1,1.82,2026-04-30,C126
T0871,STORE_04,SKU-BREAD-025,7,2.89,2026-04-07,C143
T0872,STORE_05,SKU-MILK-008,9,5.95,2026-04-26,C200
T0873,STORE_04,SKU-MILK-021,2,4.63,2026-04-06,C172
T0874,STORE_01,SKU-BREAD-019,6,2.47,2026-05-04,C129
T0875,STORE_04,SKU-BREAD-021,5,7.43,2026-04-27,C101
T0876,STORE_04,SKU-JUICE-011,6,4.74,2026-04-12,C141
T0877,STORE_04,SKU-JUICE-008,4,5.76,2026-04-20,C194
T0878,STORE_04,SKU-JUICE-039,8,8.27,2026-04-27,C217
T0879,STORE_05,SKU-MILK-020,2,1.45,2026-04-10,C122
T0880,STORE_03,SKU-JUICE-007,4,4.74,2026-04-28,C208
T0881,STORE_04,SKU-MILK-022,4,4.85,2026-04-18,C137
T0882,STORE_01,SKU-APPLE-024,8,7.51,2026-04-19,C157
T0883,STORE_02,SKU-MILK-015,5,8.95,2026-05-03,C246
T0884,STORE_05,SKU-JUICE-044,2,9.37,2026-04-27,C143
T0885,STORE_03,SKU-JUICE-027,6,8.47,2026-04-11,C259
T0886,STORE_01,SKU-MILK-011,5,2.26,2026-04-30,C171
T0887,STORE_03,SKU-BREAD-028,4,7.81,2026-04-22,C198
T0888,STORE_01,SKU-JUICE-025,9,9.08,2026-04-14,C214
T0889,STORE_03,SKU-APPLE-018,5,1.65,2026-04-27,C156
T0890,STORE_01,SKU-JUICE-017,6,1.9,2026-04-28,C237
T0891,STORE_05,SKU-APPLE-016,8,9.16,2026-04-19,C216
T0892,STORE_03,SKU-MILK-040,5,7.64,2026-04-08,C293
T0893,STORE_02,SKU-JUICE-049,5,4.0,2026-05-02,C300
T0894,STORE_03,SKU-JUICE-043,6,5.24,2026-04-16,C146
T0895,STORE_04,SKU-JUICE-027,6,6.95,2026-04-28,C136
T0896,STORE_04,SKU-MILK-047,2,8.76,2026-04-23,C189
T0897,STORE_05,SKU-APPLE-031,6,4.99,2026-04-21,C179
T0898,STORE_05,SKU-MILK-020,2,7.46,2026-05-01,C258
T0899,STORE_03,SKU-JUICE-024,1,6.36,2026-04-12,C130
T0900,STORE_02,SKU-JUICE-037,2,7.12,2026-04-16,C285
T0901,STORE_01,SKU-APPLE-040,1,1.28,2026-05-04,C190
T0902,STORE_04,SKU-MILK-008,10,6.36,2026-04-13,C104
T0903,STORE_02,SKU-BREAD-006,9,4.49,2026-04-07,C107
T0904,STORE_04,SKU-MILK-045,2,9.45,2026-04-24,C190
T0905,STORE_04,SKU-JUICE-042,9,2.34,2026-04-22,C214
T0906,STORE_04,SKU-APPLE-036,10,2.08,2026-04-21,C177
T0907,STORE_01,SKU-BREAD-006,2,2.97,2026-05-04,C114
T0908,STORE_04,SKU-APPLE-023,3,9.73,2026-04-16,C241
T0909,STORE_03,SKU-MILK-004,8,9.54,2026-04-07,C278
T0910,STORE_03,SKU-BREAD-009,7,5.58,2026-04-23,C111
T0911,STORE_04,SKU-MILK-036,10,3.86,2026-04-09,C239
T0912,STORE_02,SKU-JUICE-038,2,3.98,2026-04-30,C149
T0913,STORE_02,SKU-MILK-006,5,4.74,2026-04-10,C237
T0914,STORE_01,SKU-BREAD-043,10,3.39,2026-04-06,C254
T0915,STORE_03,SKU-JUICE-032,5,7.26,2026-04-15,C173
T0916,STORE_02,SKU-JUICE-003,6,6.21,2026-04-22,C220
T0917,STORE_05,SKU-BREAD-002,3,8.6,2026-04-10,C279
T0918,STORE_03,SKU-BREAD-001,10,3.28,2026-04-23,C257
T0919,STORE_05,SKU-JUICE-003,7,9.39,2026-04-08,C184
T0920,STORE_04,SKU-MILK-037,3,1.28,2026-04-08,C141
T0921,STORE_01,SKU-BREAD-014,1,2.98,2026-04-21,C173
T0922,STORE_02,SKU-APPLE-025,3,2.02,2026-04-19,C148
T0923,STORE_04,SKU-JUICE-038,4,1.69,2026-04-16,C188
T0924,STORE_04,SKU-BREAD-045,9,3.22,2026-04-08,C227
T0925,STORE_01,SKU-APPLE-030,7,5.57,2026-04-26,C156
T0926,STORE_04,SKU-BREAD-019,3,4.46,2026-04-28,C299
T0927,STORE_01,SKU-BREAD-020,8,5.57,2026-04-15,C146
T0928,STORE_05,SKU-JUICE-040,3,1.33,2026-05-03,C102
T0929,STORE_02,SKU-BREAD-009,6,5.49,2026-04-10,C147
T0930,STORE_02,SKU-APPLE-031,5,7.92,2026-04-16,C249
T0931,STORE_01,SKU-BREAD-034,3,6.27,2026-04-11,C298
T0932,STORE_01,SKU-BREAD-031,3,6.4,2026-04-11,C281
T0933,STORE_03,SKU-JUICE-028,8,6.97,2026-04-28,C192
T0934,STORE_02,SKU-MILK-021,6,3.47,2026-04-10,C137
T0935,STORE_04,SKU-JUICE-021,10,4.66,2026-04-06,C187
T0936,STORE_03,SKU-BREAD-015,5,6.98,2026-04-22,C197
T0937,STORE_02,SKU-MILK-050,8,6.99,2026-05-02,C200
T0938,STORE_05,SKU-APPLE-029,4,3.6,2026-04-13,C298
T0939,STORE_01,SKU-MILK-035,2,1.14,2026-05-05,C116
T0940,STORE_02,SKU-APPLE-048,2,9.8,2026-04-24,C139
T0941,STORE_05,SKU-JUICE-023,1,4.89,2026-05-05,C183
T0942,STORE_03,SKU-APPLE-001,3,4.36,2026-05-05,C243
T0943,STORE_04,SKU-MILK-036,4,3.97,2026-04-09,C213
T0944,STORE_05,SKU-JUICE-047,6,1.33,2026-04-10,C145
T0945,STORE_03,SKU-MILK-042,6,9.67,2026-04-06,C281
T0946,STORE_01,SKU-JUICE-025,9,9.82,2026-05-03,C191
T0947,STORE_04,SKU-MILK-028,1,2.21,2026-04-27,C149
T0948,STORE_05,SKU-MILK-019,8,6.33,2026-04-29,C114
T0949,STORE_02,SKU-MILK-044,3,3.6,2026-04-14,C193
T0950,STORE_05,SKU-APPLE-033,6,1.4,2026-05-03,C191
T0951,STORE_04,SKU-JUICE-028,8,7.52,2026-04-11,C255
T0952,STORE_04,SKU-MILK-035,10,8.72,2026-05-01,C141
T0953,STORE_01,SKU-BREAD-041,7,3.25,2026-04-10,C242
T0954,STORE_05,SKU-JUICE-048,6,5.19,2026-04-20,C237
T0955,STORE_04,SKU-JUICE-013,4,7.97,2026-04-23,C121
T0956,STORE_04,SKU-MILK-020,8,1.75,2026-04-29,C214
T0957,STORE_01,SKU-APPLE-006,10,8.33,2026-04-12,C138
T0958,STORE_02,SKU-MILK-020,6,2.79,2026-04-06,C217
T0959,STORE_05,SKU-JUICE-018,7,7.27,2026-04-13,C206
T0960,STORE_05,SKU-BREAD-015,10,2.58,2026-04-13,C169
T0961,STORE_04,SKU-MILK-048,8,7.22,2026-04-27,C183
T0962,STORE_04,SKU-BREAD-018,7,1.17,2026-04-14,C184
T0963,STORE_04,SKU-APPLE-039,8,8.77,2026-04-16,C130
T0964,STORE_01,SKU-MILK-012,1,5.91,2026-04-22,C180
T0965,STORE_04,SKU-JUICE-010,10,9.51,2026-04-08,C252
T0966,STORE_04,SKU-MILK-019,4,6.44,2026-04-21,C228
T0967,STORE_05,SKU-JUICE-028,6,8.7,2026-04-25,C262
T0968,STORE_05,SKU-JUICE-034,3,2.53,2026-04-08,C202
T0969,STORE_05,SKU-MILK-020,2,4.19,2026-04-14,C112
T0970,STORE_05,SKU-APPLE-009,10,6.62,2026-04-10,C145
T0971,STORE_01,SKU-MILK-010,6,8.94,2026-04-21,C179
T0972,STORE_02,SKU-JUICE-031,9,6.14,2026-04-26,C258
T0973,STORE_04,SKU-BREAD-025,8,9.92,2026-04-19,C171
T0974,STORE_01,SKU-JUICE-034,4,8.22,2026-05-03,C101
T0975,STORE_05,SKU-BREAD-022,10,8.47,2026-05-02,C190
T0976,STORE_01,SKU-APPLE-015,6,4.19,2026-05-04,C202
T0977,STORE_04,SKU-MILK-032,5,1.29,2026-04-21,C112
T0978,STORE_02,SKU-MILK-021,9,9.39,2026-04-30,C162
T0979,STORE_04,SKU-APPLE-038,9,1.43,2026-04-15,C269
T0980,STORE_04,SKU-JUICE-044,4,1.35,2026-04-26,C229
T0981,STORE_04,SKU-JUICE-021,6,5.55,2026-04-06,C285
T0982,STORE_02,SKU-MILK-016,5,9.91,2026-04-13,C192
T0983,STORE_05,SKU-JUICE-030,5,2.74,2026-04-17,C101
T0984,STORE_05,SKU-JUICE-018,8,1.31,2026-04-27,C274
T0985,STORE_02,SKU-BREAD-023,6,9.2,2026-04-24,C247
T0986,STORE_02,SKU-JUICE-002,4,6.52,2026-04-23,C275
T0987,STORE_03,SKU-MILK-042,10,7.58,2026-04-22,C268
T0988,STORE_02,SKU-BREAD-049,1,1.84,2026-04-20,C188
T0989,STORE_01,SKU-MILK-032,1,7.63,2026-04-09,C104
T0990,STORE_04,SKU-MILK-024,1,1.61,2026-04-25,C279
T0991,STORE_02,SKU-MILK-018,8,7.81,2026-04-09,C268
T0992,STORE_03,SKU-JUICE-011,1,7.54,2026-04-18,C209
T0993,STORE_02,SKU-JUICE-009,4,4.81,2026-04-13,C250
T0994,STORE_01,SKU-JUICE-023,5,4.48,2026-04-28,C195
T0995,STORE_04,SKU-MILK-014,6,1.11,2026-04-08,C267
T0996,STORE_05,SKU-MILK-048,4,6.36,2026-04-18,C222
T0997,STORE_03,SKU-JUICE-016,5,5.73,2026-04-13,C230
T0998,STORE_01,SKU-BREAD-013,7,8.06,2026-04-30,C248
T0999,STORE_04,SKU-BREAD-030,10,3.49,2026-04-21,C191
